vendortfw_2501@gmail.com,123456,vendortfw_2501,5555556821,M,5,N
vendortfw_2502@gmail.com,123456,vendortfw_2502,5555556822,M,6,N
vendortfw_2503@gmail.com,123456,vendortfw_2503,5555556823,M,7,N
vendortfw_2504@gmail.com,123456,vendortfw_2504,5555556824,M,8,N
vendortfw_2505@gmail.com,123456,vendortfw_2505,5555556825,M,9,N
vendortfw_2506@gmail.com,123456,vendortfw_2506,5555556826,M,10,N
vendortfw_2507@gmail.com,123456,vendortfw_2507,5555556827,M,11,N
vendortfw_2508@gmail.com,123456,vendortfw_2508,5555556828,M,12,N
vendortfw_2509@gmail.com,123456,vendortfw_2509,5555556829,M,13,N
vendortfw_2510@gmail.com,123456,vendortfw_2510,5555556830,M,1,N
vendortfw_2511@gmail.com,123456,vendortfw_2511,5555556831,M,2,N
vendortfw_2512@gmail.com,123456,vendortfw_2512,5555556832,M,3,N
vendortfw_2513@gmail.com,123456,vendortfw_2513,5555556833,M,4,N
vendortfw_2514@gmail.com,123456,vendortfw_2514,5555556834,M,5,N
vendortfw_2515@gmail.com,123456,vendortfw_2515,5555556835,M,6,N
vendortfw_2516@gmail.com,123456,vendortfw_2516,5555556836,M,7,N
vendortfw_2517@gmail.com,123456,vendortfw_2517,5555556837,M,8,N
vendortfw_2518@gmail.com,123456,vendortfw_2518,5555556838,M,9,N
vendortfw_2519@gmail.com,123456,vendortfw_2519,5555556839,M,10,N
vendortfw_2520@gmail.com,123456,vendortfw_2520,5555556840,M,11,N
vendortfw_2521@gmail.com,123456,vendortfw_2521,5555556841,M,12,N
vendortfw_2522@gmail.com,123456,vendortfw_2522,5555556842,M,13,N
vendortfw_2523@gmail.com,123456,vendortfw_2523,5555556843,M,1,N
vendortfw_2524@gmail.com,123456,vendortfw_2524,5555556844,M,2,N
vendortfw_2525@gmail.com,123456,vendortfw_2525,5555556845,M,3,N
vendortfw_2526@gmail.com,123456,vendortfw_2526,5555556846,M,4,N
vendortfw_2527@gmail.com,123456,vendortfw_2527,5555556847,M,5,N
vendortfw_2528@gmail.com,123456,vendortfw_2528,5555556848,M,6,N
vendortfw_2529@gmail.com,123456,vendortfw_2529,5555556849,M,7,N
vendortfw_2530@gmail.com,123456,vendortfw_2530,5555556850,M,8,N
vendortfw_2531@gmail.com,123456,vendortfw_2531,5555556851,M,9,N
vendortfw_2532@gmail.com,123456,vendortfw_2532,5555556852,M,10,N
vendortfw_2533@gmail.com,123456,vendortfw_2533,5555556853,M,11,N
vendortfw_2534@gmail.com,123456,vendortfw_2534,5555556854,M,12,N
vendortfw_2535@gmail.com,123456,vendortfw_2535,5555556855,M,13,N
vendortfw_2536@gmail.com,123456,vendortfw_2536,5555556856,M,1,N
vendortfw_2537@gmail.com,123456,vendortfw_2537,5555556857,M,2,N
vendortfw_2538@gmail.com,123456,vendortfw_2538,5555556858,M,3,N
vendortfw_2539@gmail.com,123456,vendortfw_2539,5555556859,M,4,N
vendortfw_2540@gmail.com,123456,vendortfw_2540,5555556860,M,5,N
vendortfw_2541@gmail.com,123456,vendortfw_2541,5555556861,M,6,N
vendortfw_2542@gmail.com,123456,vendortfw_2542,5555556862,M,7,N
vendortfw_2543@gmail.com,123456,vendortfw_2543,5555556863,M,8,N
vendortfw_2544@gmail.com,123456,vendortfw_2544,5555556864,M,9,N
vendortfw_2545@gmail.com,123456,vendortfw_2545,5555556865,M,10,N
vendortfw_2546@gmail.com,123456,vendortfw_2546,5555556866,M,11,N
vendortfw_2547@gmail.com,123456,vendortfw_2547,5555556867,M,12,N
vendortfw_2548@gmail.com,123456,vendortfw_2548,5555556868,M,13,N
vendortfw_2549@gmail.com,123456,vendortfw_2549,5555556869,M,1,N
vendortfw_2550@gmail.com,123456,vendortfw_2550,5555556870,M,2,N
vendortfw_2551@gmail.com,123456,vendortfw_2551,5555556871,M,3,N
vendortfw_2552@gmail.com,123456,vendortfw_2552,5555556872,M,4,N
vendortfw_2553@gmail.com,123456,vendortfw_2553,5555556873,M,5,N
vendortfw_2554@gmail.com,123456,vendortfw_2554,5555556874,M,6,N
vendortfw_2555@gmail.com,123456,vendortfw_2555,5555556875,M,7,N
vendortfw_2556@gmail.com,123456,vendortfw_2556,5555556876,M,8,N
vendortfw_2557@gmail.com,123456,vendortfw_2557,5555556877,M,9,N
vendortfw_2558@gmail.com,123456,vendortfw_2558,5555556878,M,10,N
vendortfw_2559@gmail.com,123456,vendortfw_2559,5555556879,M,11,N
vendortfw_2560@gmail.com,123456,vendortfw_2560,5555556880,M,12,N
vendortfw_2561@gmail.com,123456,vendortfw_2561,5555556881,M,13,N
vendortfw_2562@gmail.com,123456,vendortfw_2562,5555556882,M,1,N
vendortfw_2563@gmail.com,123456,vendortfw_2563,5555556883,M,2,N
vendortfw_2564@gmail.com,123456,vendortfw_2564,5555556884,M,3,N
vendortfw_2565@gmail.com,123456,vendortfw_2565,5555556885,M,4,N
vendortfw_2566@gmail.com,123456,vendortfw_2566,5555556886,M,5,N
vendortfw_2567@gmail.com,123456,vendortfw_2567,5555556887,M,6,N
vendortfw_2568@gmail.com,123456,vendortfw_2568,5555556888,M,7,N
vendortfw_2569@gmail.com,123456,vendortfw_2569,5555556889,M,8,N
vendortfw_2570@gmail.com,123456,vendortfw_2570,5555556890,M,9,N
vendortfw_2571@gmail.com,123456,vendortfw_2571,5555556891,M,10,N
vendortfw_2572@gmail.com,123456,vendortfw_2572,5555556892,M,11,N
vendortfw_2573@gmail.com,123456,vendortfw_2573,5555556893,M,12,N
vendortfw_2574@gmail.com,123456,vendortfw_2574,5555556894,M,13,N
vendortfw_2575@gmail.com,123456,vendortfw_2575,5555556895,M,1,N
vendortfw_2576@gmail.com,123456,vendortfw_2576,5555556896,M,2,N
vendortfw_2577@gmail.com,123456,vendortfw_2577,5555556897,M,3,N
vendortfw_2578@gmail.com,123456,vendortfw_2578,5555556898,M,4,N
vendortfw_2579@gmail.com,123456,vendortfw_2579,5555556899,M,5,N
vendortfw_2580@gmail.com,123456,vendortfw_2580,5555556900,M,6,N
vendortfw_2581@gmail.com,123456,vendortfw_2581,5555556901,M,7,N
vendortfw_2582@gmail.com,123456,vendortfw_2582,5555556902,M,8,N
vendortfw_2583@gmail.com,123456,vendortfw_2583,5555556903,M,9,N
vendortfw_2584@gmail.com,123456,vendortfw_2584,5555556904,M,10,N
vendortfw_2585@gmail.com,123456,vendortfw_2585,5555556905,M,11,N
vendortfw_2586@gmail.com,123456,vendortfw_2586,5555556906,M,12,N
vendortfw_2587@gmail.com,123456,vendortfw_2587,5555556907,M,13,N
vendortfw_2588@gmail.com,123456,vendortfw_2588,5555556908,M,1,N
vendortfw_2589@gmail.com,123456,vendortfw_2589,5555556909,M,2,N
vendortfw_2590@gmail.com,123456,vendortfw_2590,5555556910,M,3,N
vendortfw_2591@gmail.com,123456,vendortfw_2591,5555556911,M,4,N
vendortfw_2592@gmail.com,123456,vendortfw_2592,5555556912,M,5,N
vendortfw_2593@gmail.com,123456,vendortfw_2593,5555556913,M,6,N
vendortfw_2594@gmail.com,123456,vendortfw_2594,5555556914,M,7,N
vendortfw_2595@gmail.com,123456,vendortfw_2595,5555556915,M,8,N
vendortfw_2596@gmail.com,123456,vendortfw_2596,5555556916,M,9,N
vendortfw_2597@gmail.com,123456,vendortfw_2597,5555556917,M,10,N
vendortfw_2598@gmail.com,123456,vendortfw_2598,5555556918,M,11,N
vendortfw_2599@gmail.com,123456,vendortfw_2599,5555556919,M,12,N
vendortfw_2600@gmail.com,123456,vendortfw_2600,5555556920,M,13,N
vendortfw_2601@gmail.com,123456,vendortfw_2601,5555556921,M,1,N
vendortfw_2602@gmail.com,123456,vendortfw_2602,5555556922,M,2,N
vendortfw_2603@gmail.com,123456,vendortfw_2603,5555556923,M,3,N
vendortfw_2604@gmail.com,123456,vendortfw_2604,5555556924,M,4,N
vendortfw_2605@gmail.com,123456,vendortfw_2605,5555556925,M,5,N
vendortfw_2606@gmail.com,123456,vendortfw_2606,5555556926,M,6,N
vendortfw_2607@gmail.com,123456,vendortfw_2607,5555556927,M,7,N
vendortfw_2608@gmail.com,123456,vendortfw_2608,5555556928,M,8,N
vendortfw_2609@gmail.com,123456,vendortfw_2609,5555556929,M,9,N
vendortfw_2610@gmail.com,123456,vendortfw_2610,5555556930,M,10,N
vendortfw_2611@gmail.com,123456,vendortfw_2611,5555556931,M,11,N
vendortfw_2612@gmail.com,123456,vendortfw_2612,5555556932,M,12,N
vendortfw_2613@gmail.com,123456,vendortfw_2613,5555556933,M,13,N
vendortfw_2614@gmail.com,123456,vendortfw_2614,5555556934,M,1,N
vendortfw_2615@gmail.com,123456,vendortfw_2615,5555556935,M,2,N
vendortfw_2616@gmail.com,123456,vendortfw_2616,5555556936,M,3,N
vendortfw_2617@gmail.com,123456,vendortfw_2617,5555556937,M,4,N
vendortfw_2618@gmail.com,123456,vendortfw_2618,5555556938,M,5,N
vendortfw_2619@gmail.com,123456,vendortfw_2619,5555556939,M,6,N
vendortfw_2620@gmail.com,123456,vendortfw_2620,5555556940,M,7,N
vendortfw_2621@gmail.com,123456,vendortfw_2621,5555556941,M,8,N
vendortfw_2622@gmail.com,123456,vendortfw_2622,5555556942,M,9,N
vendortfw_2623@gmail.com,123456,vendortfw_2623,5555556943,M,10,N
vendortfw_2624@gmail.com,123456,vendortfw_2624,5555556944,M,11,N
vendortfw_2625@gmail.com,123456,vendortfw_2625,5555556945,M,12,N
vendortfw_2626@gmail.com,123456,vendortfw_2626,5555556946,M,13,N
vendortfw_2627@gmail.com,123456,vendortfw_2627,5555556947,M,1,N
vendortfw_2628@gmail.com,123456,vendortfw_2628,5555556948,M,2,N
vendortfw_2629@gmail.com,123456,vendortfw_2629,5555556949,M,3,N
vendortfw_2630@gmail.com,123456,vendortfw_2630,5555556950,M,4,N
vendortfw_2631@gmail.com,123456,vendortfw_2631,5555556951,M,5,N
vendortfw_2632@gmail.com,123456,vendortfw_2632,5555556952,M,6,N
vendortfw_2633@gmail.com,123456,vendortfw_2633,5555556953,M,7,N
vendortfw_2634@gmail.com,123456,vendortfw_2634,5555556954,M,8,N
vendortfw_2635@gmail.com,123456,vendortfw_2635,5555556955,M,9,N
vendortfw_2636@gmail.com,123456,vendortfw_2636,5555556956,M,10,N
vendortfw_2637@gmail.com,123456,vendortfw_2637,5555556957,M,11,N
vendortfw_2638@gmail.com,123456,vendortfw_2638,5555556958,M,12,N
vendortfw_2639@gmail.com,123456,vendortfw_2639,5555556959,M,13,N
vendortfw_2640@gmail.com,123456,vendortfw_2640,5555556960,M,1,N
vendortfw_2641@gmail.com,123456,vendortfw_2641,5555556961,M,2,N
vendortfw_2642@gmail.com,123456,vendortfw_2642,5555556962,M,3,N
vendortfw_2643@gmail.com,123456,vendortfw_2643,5555556963,M,4,N
vendortfw_2644@gmail.com,123456,vendortfw_2644,5555556964,M,5,N
vendortfw_2645@gmail.com,123456,vendortfw_2645,5555556965,M,6,N
vendortfw_2646@gmail.com,123456,vendortfw_2646,5555556966,M,7,N
vendortfw_2647@gmail.com,123456,vendortfw_2647,5555556967,M,8,N
vendortfw_2648@gmail.com,123456,vendortfw_2648,5555556968,M,9,N
vendortfw_2649@gmail.com,123456,vendortfw_2649,5555556969,M,10,N
vendortfw_2650@gmail.com,123456,vendortfw_2650,5555556970,M,11,N
vendortfw_2651@gmail.com,123456,vendortfw_2651,5555556971,M,12,N
vendortfw_2652@gmail.com,123456,vendortfw_2652,5555556972,M,13,N
vendortfw_2653@gmail.com,123456,vendortfw_2653,5555556973,M,1,N
vendortfw_2654@gmail.com,123456,vendortfw_2654,5555556974,M,2,N
vendortfw_2655@gmail.com,123456,vendortfw_2655,5555556975,M,3,N
vendortfw_2656@gmail.com,123456,vendortfw_2656,5555556976,M,4,N
vendortfw_2657@gmail.com,123456,vendortfw_2657,5555556977,M,5,N
vendortfw_2658@gmail.com,123456,vendortfw_2658,5555556978,M,6,N
vendortfw_2659@gmail.com,123456,vendortfw_2659,5555556979,M,7,N
vendortfw_2660@gmail.com,123456,vendortfw_2660,5555556980,M,8,N
vendortfw_2661@gmail.com,123456,vendortfw_2661,5555556981,M,9,N
vendortfw_2662@gmail.com,123456,vendortfw_2662,5555556982,M,10,N
vendortfw_2663@gmail.com,123456,vendortfw_2663,5555556983,M,11,N
vendortfw_2664@gmail.com,123456,vendortfw_2664,5555556984,M,12,N
vendortfw_2665@gmail.com,123456,vendortfw_2665,5555556985,M,13,N
vendortfw_2666@gmail.com,123456,vendortfw_2666,5555556986,M,1,N
vendortfw_2667@gmail.com,123456,vendortfw_2667,5555556987,M,2,N
vendortfw_2668@gmail.com,123456,vendortfw_2668,5555556988,M,3,N
vendortfw_2669@gmail.com,123456,vendortfw_2669,5555556989,M,4,N
vendortfw_2670@gmail.com,123456,vendortfw_2670,5555556990,M,5,N
vendortfw_2671@gmail.com,123456,vendortfw_2671,5555556991,M,6,N
vendortfw_2672@gmail.com,123456,vendortfw_2672,5555556992,M,7,N
vendortfw_2673@gmail.com,123456,vendortfw_2673,5555556993,M,8,N
vendortfw_2674@gmail.com,123456,vendortfw_2674,5555556994,M,9,N
vendortfw_2675@gmail.com,123456,vendortfw_2675,5555556995,M,10,N
vendortfw_2676@gmail.com,123456,vendortfw_2676,5555556996,M,11,N
vendortfw_2677@gmail.com,123456,vendortfw_2677,5555556997,M,12,N
vendortfw_2678@gmail.com,123456,vendortfw_2678,5555556998,M,13,N
vendortfw_2679@gmail.com,123456,vendortfw_2679,5555556999,M,1,N
vendortfw_2680@gmail.com,123456,vendortfw_2680,5555557000,M,2,N
vendortfw_2681@gmail.com,123456,vendortfw_2681,5555557001,M,3,N
vendortfw_2682@gmail.com,123456,vendortfw_2682,5555557002,M,4,N
vendortfw_2683@gmail.com,123456,vendortfw_2683,5555557003,M,5,N
vendortfw_2684@gmail.com,123456,vendortfw_2684,5555557004,M,6,N
vendortfw_2685@gmail.com,123456,vendortfw_2685,5555557005,M,7,N
vendortfw_2686@gmail.com,123456,vendortfw_2686,5555557006,M,8,N
vendortfw_2687@gmail.com,123456,vendortfw_2687,5555557007,M,9,N
vendortfw_2688@gmail.com,123456,vendortfw_2688,5555557008,M,10,N
vendortfw_2689@gmail.com,123456,vendortfw_2689,5555557009,M,11,N
vendortfw_2690@gmail.com,123456,vendortfw_2690,5555557010,M,12,N
vendortfw_2691@gmail.com,123456,vendortfw_2691,5555557011,M,13,N
vendortfw_2692@gmail.com,123456,vendortfw_2692,5555557012,M,1,N
vendortfw_2693@gmail.com,123456,vendortfw_2693,5555557013,M,2,N
vendortfw_2694@gmail.com,123456,vendortfw_2694,5555557014,M,3,N
vendortfw_2695@gmail.com,123456,vendortfw_2695,5555557015,M,4,N
vendortfw_2696@gmail.com,123456,vendortfw_2696,5555557016,M,5,N
vendortfw_2697@gmail.com,123456,vendortfw_2697,5555557017,M,6,N
vendortfw_2698@gmail.com,123456,vendortfw_2698,5555557018,M,7,N
vendortfw_2699@gmail.com,123456,vendortfw_2699,5555557019,M,8,N
vendortfw_2700@gmail.com,123456,vendortfw_2700,5555557020,M,9,N
vendortfw_2701@gmail.com,123456,vendortfw_2701,5555557021,M,10,N
vendortfw_2702@gmail.com,123456,vendortfw_2702,5555557022,M,11,N
vendortfw_2703@gmail.com,123456,vendortfw_2703,5555557023,M,12,N
vendortfw_2704@gmail.com,123456,vendortfw_2704,5555557024,M,13,N
vendortfw_2705@gmail.com,123456,vendortfw_2705,5555557025,M,1,N
vendortfw_2706@gmail.com,123456,vendortfw_2706,5555557026,M,2,N
vendortfw_2707@gmail.com,123456,vendortfw_2707,5555557027,M,3,N
vendortfw_2708@gmail.com,123456,vendortfw_2708,5555557028,M,4,N
vendortfw_2709@gmail.com,123456,vendortfw_2709,5555557029,M,5,N
vendortfw_2710@gmail.com,123456,vendortfw_2710,5555557030,M,6,N
vendortfw_2711@gmail.com,123456,vendortfw_2711,5555557031,M,7,N
vendortfw_2712@gmail.com,123456,vendortfw_2712,5555557032,M,8,N
vendortfw_2713@gmail.com,123456,vendortfw_2713,5555557033,M,9,N
vendortfw_2714@gmail.com,123456,vendortfw_2714,5555557034,M,10,N
vendortfw_2715@gmail.com,123456,vendortfw_2715,5555557035,M,11,N
vendortfw_2716@gmail.com,123456,vendortfw_2716,5555557036,M,12,N
vendortfw_2717@gmail.com,123456,vendortfw_2717,5555557037,M,13,N
vendortfw_2718@gmail.com,123456,vendortfw_2718,5555557038,M,1,N
vendortfw_2719@gmail.com,123456,vendortfw_2719,5555557039,M,2,N
vendortfw_2720@gmail.com,123456,vendortfw_2720,5555557040,M,3,N
vendortfw_2721@gmail.com,123456,vendortfw_2721,5555557041,M,4,N
vendortfw_2722@gmail.com,123456,vendortfw_2722,5555557042,M,5,N
vendortfw_2723@gmail.com,123456,vendortfw_2723,5555557043,M,6,N
vendortfw_2724@gmail.com,123456,vendortfw_2724,5555557044,M,7,N
vendortfw_2725@gmail.com,123456,vendortfw_2725,5555557045,M,8,N
vendortfw_2726@gmail.com,123456,vendortfw_2726,5555557046,M,9,N
vendortfw_2727@gmail.com,123456,vendortfw_2727,5555557047,M,10,N
vendortfw_2728@gmail.com,123456,vendortfw_2728,5555557048,M,11,N
vendortfw_2729@gmail.com,123456,vendortfw_2729,5555557049,M,12,N
vendortfw_2730@gmail.com,123456,vendortfw_2730,5555557050,M,13,N
vendortfw_2731@gmail.com,123456,vendortfw_2731,5555557051,M,1,N
vendortfw_2732@gmail.com,123456,vendortfw_2732,5555557052,M,2,N
vendortfw_2733@gmail.com,123456,vendortfw_2733,5555557053,M,3,N
vendortfw_2734@gmail.com,123456,vendortfw_2734,5555557054,M,4,N
vendortfw_2735@gmail.com,123456,vendortfw_2735,5555557055,M,5,N
vendortfw_2736@gmail.com,123456,vendortfw_2736,5555557056,M,6,N
vendortfw_2737@gmail.com,123456,vendortfw_2737,5555557057,M,7,N
vendortfw_2738@gmail.com,123456,vendortfw_2738,5555557058,M,8,N
vendortfw_2739@gmail.com,123456,vendortfw_2739,5555557059,M,9,N
vendortfw_2740@gmail.com,123456,vendortfw_2740,5555557060,M,10,N
vendortfw_2741@gmail.com,123456,vendortfw_2741,5555557061,M,11,N
vendortfw_2742@gmail.com,123456,vendortfw_2742,5555557062,M,12,N
vendortfw_2743@gmail.com,123456,vendortfw_2743,5555557063,M,13,N
vendortfw_2744@gmail.com,123456,vendortfw_2744,5555557064,M,1,N
vendortfw_2745@gmail.com,123456,vendortfw_2745,5555557065,M,2,N
vendortfw_2746@gmail.com,123456,vendortfw_2746,5555557066,M,3,N
vendortfw_2747@gmail.com,123456,vendortfw_2747,5555557067,M,4,N
vendortfw_2748@gmail.com,123456,vendortfw_2748,5555557068,M,5,N
vendortfw_2749@gmail.com,123456,vendortfw_2749,5555557069,M,6,N
vendortfw_2750@gmail.com,123456,vendortfw_2750,5555557070,M,7,N
vendortfw_2751@gmail.com,123456,vendortfw_2751,5555557071,M,8,N
vendortfw_2752@gmail.com,123456,vendortfw_2752,5555557072,M,9,N
vendortfw_2753@gmail.com,123456,vendortfw_2753,5555557073,M,10,N
vendortfw_2754@gmail.com,123456,vendortfw_2754,5555557074,M,11,N
vendortfw_2755@gmail.com,123456,vendortfw_2755,5555557075,M,12,N
vendortfw_2756@gmail.com,123456,vendortfw_2756,5555557076,M,13,N
vendortfw_2757@gmail.com,123456,vendortfw_2757,5555557077,M,1,N
vendortfw_2758@gmail.com,123456,vendortfw_2758,5555557078,M,2,N
vendortfw_2759@gmail.com,123456,vendortfw_2759,5555557079,M,3,N
vendortfw_2760@gmail.com,123456,vendortfw_2760,5555557080,M,4,N
vendortfw_2761@gmail.com,123456,vendortfw_2761,5555557081,M,5,N
vendortfw_2762@gmail.com,123456,vendortfw_2762,5555557082,M,6,N
vendortfw_2763@gmail.com,123456,vendortfw_2763,5555557083,M,7,N
vendortfw_2764@gmail.com,123456,vendortfw_2764,5555557084,M,8,N
vendortfw_2765@gmail.com,123456,vendortfw_2765,5555557085,M,9,N
vendortfw_2766@gmail.com,123456,vendortfw_2766,5555557086,M,10,N
vendortfw_2767@gmail.com,123456,vendortfw_2767,5555557087,M,11,N
vendortfw_2768@gmail.com,123456,vendortfw_2768,5555557088,M,12,N
vendortfw_2769@gmail.com,123456,vendortfw_2769,5555557089,M,13,N
vendortfw_2770@gmail.com,123456,vendortfw_2770,5555557090,M,1,N
vendortfw_2771@gmail.com,123456,vendortfw_2771,5555557091,M,2,N
vendortfw_2772@gmail.com,123456,vendortfw_2772,5555557092,M,3,N
vendortfw_2773@gmail.com,123456,vendortfw_2773,5555557093,M,4,N
vendortfw_2774@gmail.com,123456,vendortfw_2774,5555557094,M,5,N
vendortfw_2775@gmail.com,123456,vendortfw_2775,5555557095,M,6,N
vendortfw_2776@gmail.com,123456,vendortfw_2776,5555557096,M,7,N
vendortfw_2777@gmail.com,123456,vendortfw_2777,5555557097,M,8,N
vendortfw_2778@gmail.com,123456,vendortfw_2778,5555557098,M,9,N
vendortfw_2779@gmail.com,123456,vendortfw_2779,5555557099,M,10,N
vendortfw_2780@gmail.com,123456,vendortfw_2780,5555557100,M,11,N
vendortfw_2781@gmail.com,123456,vendortfw_2781,5555557101,M,12,N
vendortfw_2782@gmail.com,123456,vendortfw_2782,5555557102,M,13,N
vendortfw_2783@gmail.com,123456,vendortfw_2783,5555557103,M,1,N
vendortfw_2784@gmail.com,123456,vendortfw_2784,5555557104,M,2,N
vendortfw_2785@gmail.com,123456,vendortfw_2785,5555557105,M,3,N
vendortfw_2786@gmail.com,123456,vendortfw_2786,5555557106,M,4,N
vendortfw_2787@gmail.com,123456,vendortfw_2787,5555557107,M,5,N
vendortfw_2788@gmail.com,123456,vendortfw_2788,5555557108,M,6,N
vendortfw_2789@gmail.com,123456,vendortfw_2789,5555557109,M,7,N
vendortfw_2790@gmail.com,123456,vendortfw_2790,5555557110,M,8,N
vendortfw_2791@gmail.com,123456,vendortfw_2791,5555557111,M,9,N
vendortfw_2792@gmail.com,123456,vendortfw_2792,5555557112,M,10,N
vendortfw_2793@gmail.com,123456,vendortfw_2793,5555557113,M,11,N
vendortfw_2794@gmail.com,123456,vendortfw_2794,5555557114,M,12,N
vendortfw_2795@gmail.com,123456,vendortfw_2795,5555557115,M,13,N
vendortfw_2796@gmail.com,123456,vendortfw_2796,5555557116,M,1,N
vendortfw_2797@gmail.com,123456,vendortfw_2797,5555557117,M,2,N
vendortfw_2798@gmail.com,123456,vendortfw_2798,5555557118,M,3,N
vendortfw_2799@gmail.com,123456,vendortfw_2799,5555557119,M,4,N
vendortfw_2800@gmail.com,123456,vendortfw_2800,5555557120,M,5,N
vendortfw_2801@gmail.com,123456,vendortfw_2801,5555557121,M,6,N
vendortfw_2802@gmail.com,123456,vendortfw_2802,5555557122,M,7,N
vendortfw_2803@gmail.com,123456,vendortfw_2803,5555557123,M,8,N
vendortfw_2804@gmail.com,123456,vendortfw_2804,5555557124,M,9,N
vendortfw_2805@gmail.com,123456,vendortfw_2805,5555557125,M,10,N
vendortfw_2806@gmail.com,123456,vendortfw_2806,5555557126,M,11,N
vendortfw_2807@gmail.com,123456,vendortfw_2807,5555557127,M,12,N
vendortfw_2808@gmail.com,123456,vendortfw_2808,5555557128,M,13,N
vendortfw_2809@gmail.com,123456,vendortfw_2809,5555557129,M,1,N
vendortfw_2810@gmail.com,123456,vendortfw_2810,5555557130,M,2,N
vendortfw_2811@gmail.com,123456,vendortfw_2811,5555557131,M,3,N
vendortfw_2812@gmail.com,123456,vendortfw_2812,5555557132,M,4,N
vendortfw_2813@gmail.com,123456,vendortfw_2813,5555557133,M,5,N
vendortfw_2814@gmail.com,123456,vendortfw_2814,5555557134,M,6,N
vendortfw_2815@gmail.com,123456,vendortfw_2815,5555557135,M,7,N
vendortfw_2816@gmail.com,123456,vendortfw_2816,5555557136,M,8,N
vendortfw_2817@gmail.com,123456,vendortfw_2817,5555557137,M,9,N
vendortfw_2818@gmail.com,123456,vendortfw_2818,5555557138,M,10,N
vendortfw_2819@gmail.com,123456,vendortfw_2819,5555557139,M,11,N
vendortfw_2820@gmail.com,123456,vendortfw_2820,5555557140,M,12,N
vendortfw_2821@gmail.com,123456,vendortfw_2821,5555557141,M,13,N
vendortfw_2822@gmail.com,123456,vendortfw_2822,5555557142,M,1,N
vendortfw_2823@gmail.com,123456,vendortfw_2823,5555557143,M,2,N
vendortfw_2824@gmail.com,123456,vendortfw_2824,5555557144,M,3,N
vendortfw_2825@gmail.com,123456,vendortfw_2825,5555557145,M,4,N
vendortfw_2826@gmail.com,123456,vendortfw_2826,5555557146,M,5,N
vendortfw_2827@gmail.com,123456,vendortfw_2827,5555557147,M,6,N
vendortfw_2828@gmail.com,123456,vendortfw_2828,5555557148,M,7,N
vendortfw_2829@gmail.com,123456,vendortfw_2829,5555557149,M,8,N
vendortfw_2830@gmail.com,123456,vendortfw_2830,5555557150,M,9,N
vendortfw_2831@gmail.com,123456,vendortfw_2831,5555557151,M,10,N
vendortfw_2832@gmail.com,123456,vendortfw_2832,5555557152,M,11,N
vendortfw_2833@gmail.com,123456,vendortfw_2833,5555557153,M,12,N
vendortfw_2834@gmail.com,123456,vendortfw_2834,5555557154,M,13,N
vendortfw_2835@gmail.com,123456,vendortfw_2835,5555557155,M,1,N
vendortfw_2836@gmail.com,123456,vendortfw_2836,5555557156,M,2,N
vendortfw_2837@gmail.com,123456,vendortfw_2837,5555557157,M,3,N
vendortfw_2838@gmail.com,123456,vendortfw_2838,5555557158,M,4,N
vendortfw_2839@gmail.com,123456,vendortfw_2839,5555557159,M,5,N
vendortfw_2840@gmail.com,123456,vendortfw_2840,5555557160,M,6,N
vendortfw_2841@gmail.com,123456,vendortfw_2841,5555557161,M,7,N
vendortfw_2842@gmail.com,123456,vendortfw_2842,5555557162,M,8,N
vendortfw_2843@gmail.com,123456,vendortfw_2843,5555557163,M,9,N
vendortfw_2844@gmail.com,123456,vendortfw_2844,5555557164,M,10,N
vendortfw_2845@gmail.com,123456,vendortfw_2845,5555557165,M,11,N
vendortfw_2846@gmail.com,123456,vendortfw_2846,5555557166,M,12,N
vendortfw_2847@gmail.com,123456,vendortfw_2847,5555557167,M,13,N
vendortfw_2848@gmail.com,123456,vendortfw_2848,5555557168,M,1,N
vendortfw_2849@gmail.com,123456,vendortfw_2849,5555557169,M,2,N
vendortfw_2850@gmail.com,123456,vendortfw_2850,5555557170,M,3,N
vendortfw_2851@gmail.com,123456,vendortfw_2851,5555557171,M,4,N
vendortfw_2852@gmail.com,123456,vendortfw_2852,5555557172,M,5,N
vendortfw_2853@gmail.com,123456,vendortfw_2853,5555557173,M,6,N
vendortfw_2854@gmail.com,123456,vendortfw_2854,5555557174,M,7,N
vendortfw_2855@gmail.com,123456,vendortfw_2855,5555557175,M,8,N
vendortfw_2856@gmail.com,123456,vendortfw_2856,5555557176,M,9,N
vendortfw_2857@gmail.com,123456,vendortfw_2857,5555557177,M,10,N
vendortfw_2858@gmail.com,123456,vendortfw_2858,5555557178,M,11,N
vendortfw_2859@gmail.com,123456,vendortfw_2859,5555557179,M,12,N
vendortfw_2860@gmail.com,123456,vendortfw_2860,5555557180,M,13,N
vendortfw_2861@gmail.com,123456,vendortfw_2861,5555557181,M,1,N
vendortfw_2862@gmail.com,123456,vendortfw_2862,5555557182,M,2,N
vendortfw_2863@gmail.com,123456,vendortfw_2863,5555557183,M,3,N
vendortfw_2864@gmail.com,123456,vendortfw_2864,5555557184,M,4,N
vendortfw_2865@gmail.com,123456,vendortfw_2865,5555557185,M,5,N
vendortfw_2866@gmail.com,123456,vendortfw_2866,5555557186,M,6,N
vendortfw_2867@gmail.com,123456,vendortfw_2867,5555557187,M,7,N
vendortfw_2868@gmail.com,123456,vendortfw_2868,5555557188,M,8,N
vendortfw_2869@gmail.com,123456,vendortfw_2869,5555557189,M,9,N
vendortfw_2870@gmail.com,123456,vendortfw_2870,5555557190,M,10,N
vendortfw_2871@gmail.com,123456,vendortfw_2871,5555557191,M,11,N
vendortfw_2872@gmail.com,123456,vendortfw_2872,5555557192,M,12,N
vendortfw_2873@gmail.com,123456,vendortfw_2873,5555557193,M,13,N
vendortfw_2874@gmail.com,123456,vendortfw_2874,5555557194,M,1,N
vendortfw_2875@gmail.com,123456,vendortfw_2875,5555557195,M,2,N
vendortfw_2876@gmail.com,123456,vendortfw_2876,5555557196,M,3,N
vendortfw_2877@gmail.com,123456,vendortfw_2877,5555557197,M,4,N
vendortfw_2878@gmail.com,123456,vendortfw_2878,5555557198,M,5,N
vendortfw_2879@gmail.com,123456,vendortfw_2879,5555557199,M,6,N
vendortfw_2880@gmail.com,123456,vendortfw_2880,5555557200,M,7,N
vendortfw_2881@gmail.com,123456,vendortfw_2881,5555557201,M,8,N
vendortfw_2882@gmail.com,123456,vendortfw_2882,5555557202,M,9,N
vendortfw_2883@gmail.com,123456,vendortfw_2883,5555557203,M,10,N
vendortfw_2884@gmail.com,123456,vendortfw_2884,5555557204,M,11,N
vendortfw_2885@gmail.com,123456,vendortfw_2885,5555557205,M,12,N
vendortfw_2886@gmail.com,123456,vendortfw_2886,5555557206,M,13,N
vendortfw_2887@gmail.com,123456,vendortfw_2887,5555557207,M,1,N
vendortfw_2888@gmail.com,123456,vendortfw_2888,5555557208,M,2,N
vendortfw_2889@gmail.com,123456,vendortfw_2889,5555557209,M,3,N
vendortfw_2890@gmail.com,123456,vendortfw_2890,5555557210,M,4,N
vendortfw_2891@gmail.com,123456,vendortfw_2891,5555557211,M,5,N
vendortfw_2892@gmail.com,123456,vendortfw_2892,5555557212,M,6,N
vendortfw_2893@gmail.com,123456,vendortfw_2893,5555557213,M,7,N
vendortfw_2894@gmail.com,123456,vendortfw_2894,5555557214,M,8,N
vendortfw_2895@gmail.com,123456,vendortfw_2895,5555557215,M,9,N
vendortfw_2896@gmail.com,123456,vendortfw_2896,5555557216,M,10,N
vendortfw_2897@gmail.com,123456,vendortfw_2897,5555557217,M,11,N
vendortfw_2898@gmail.com,123456,vendortfw_2898,5555557218,M,12,N
vendortfw_2899@gmail.com,123456,vendortfw_2899,5555557219,M,13,N
vendortfw_2900@gmail.com,123456,vendortfw_2900,5555557220,M,1,N
vendortfw_2901@gmail.com,123456,vendortfw_2901,5555557221,M,2,N
vendortfw_2902@gmail.com,123456,vendortfw_2902,5555557222,M,3,N
vendortfw_2903@gmail.com,123456,vendortfw_2903,5555557223,M,4,N
vendortfw_2904@gmail.com,123456,vendortfw_2904,5555557224,M,5,N
vendortfw_2905@gmail.com,123456,vendortfw_2905,5555557225,M,6,N
vendortfw_2906@gmail.com,123456,vendortfw_2906,5555557226,M,7,N
vendortfw_2907@gmail.com,123456,vendortfw_2907,5555557227,M,8,N
vendortfw_2908@gmail.com,123456,vendortfw_2908,5555557228,M,9,N
vendortfw_2909@gmail.com,123456,vendortfw_2909,5555557229,M,10,N
vendortfw_2910@gmail.com,123456,vendortfw_2910,5555557230,M,11,N
vendortfw_2911@gmail.com,123456,vendortfw_2911,5555557231,M,12,N
vendortfw_2912@gmail.com,123456,vendortfw_2912,5555557232,M,13,N
vendortfw_2913@gmail.com,123456,vendortfw_2913,5555557233,M,1,N
vendortfw_2914@gmail.com,123456,vendortfw_2914,5555557234,M,2,N
vendortfw_2915@gmail.com,123456,vendortfw_2915,5555557235,M,3,N
vendortfw_2916@gmail.com,123456,vendortfw_2916,5555557236,M,4,N
vendortfw_2917@gmail.com,123456,vendortfw_2917,5555557237,M,5,N
vendortfw_2918@gmail.com,123456,vendortfw_2918,5555557238,M,6,N
vendortfw_2919@gmail.com,123456,vendortfw_2919,5555557239,M,7,N
vendortfw_2920@gmail.com,123456,vendortfw_2920,5555557240,M,8,N
vendortfw_2921@gmail.com,123456,vendortfw_2921,5555557241,M,9,N
vendortfw_2922@gmail.com,123456,vendortfw_2922,5555557242,M,10,N
vendortfw_2923@gmail.com,123456,vendortfw_2923,5555557243,M,11,N
vendortfw_2924@gmail.com,123456,vendortfw_2924,5555557244,M,12,N
vendortfw_2925@gmail.com,123456,vendortfw_2925,5555557245,M,13,N
vendortfw_2926@gmail.com,123456,vendortfw_2926,5555557246,M,1,N
vendortfw_2927@gmail.com,123456,vendortfw_2927,5555557247,M,2,N
vendortfw_2928@gmail.com,123456,vendortfw_2928,5555557248,M,3,N
vendortfw_2929@gmail.com,123456,vendortfw_2929,5555557249,M,4,N
vendortfw_2930@gmail.com,123456,vendortfw_2930,5555557250,M,5,N
vendortfw_2931@gmail.com,123456,vendortfw_2931,5555557251,M,6,N
vendortfw_2932@gmail.com,123456,vendortfw_2932,5555557252,M,7,N
vendortfw_2933@gmail.com,123456,vendortfw_2933,5555557253,M,8,N
vendortfw_2934@gmail.com,123456,vendortfw_2934,5555557254,M,9,N
vendortfw_2935@gmail.com,123456,vendortfw_2935,5555557255,M,10,N
vendortfw_2936@gmail.com,123456,vendortfw_2936,5555557256,M,11,N
vendortfw_2937@gmail.com,123456,vendortfw_2937,5555557257,M,12,N
vendortfw_2938@gmail.com,123456,vendortfw_2938,5555557258,M,13,N
vendortfw_2939@gmail.com,123456,vendortfw_2939,5555557259,M,1,N
vendortfw_2940@gmail.com,123456,vendortfw_2940,5555557260,M,2,N
vendortfw_2941@gmail.com,123456,vendortfw_2941,5555557261,M,3,N
vendortfw_2942@gmail.com,123456,vendortfw_2942,5555557262,M,4,N
vendortfw_2943@gmail.com,123456,vendortfw_2943,5555557263,M,5,N
vendortfw_2944@gmail.com,123456,vendortfw_2944,5555557264,M,6,N
vendortfw_2945@gmail.com,123456,vendortfw_2945,5555557265,M,7,N
vendortfw_2946@gmail.com,123456,vendortfw_2946,5555557266,M,8,N
vendortfw_2947@gmail.com,123456,vendortfw_2947,5555557267,M,9,N
vendortfw_2948@gmail.com,123456,vendortfw_2948,5555557268,M,10,N
vendortfw_2949@gmail.com,123456,vendortfw_2949,5555557269,M,11,N
vendortfw_2950@gmail.com,123456,vendortfw_2950,5555557270,M,12,N
vendortfw_2951@gmail.com,123456,vendortfw_2951,5555557271,M,13,N
vendortfw_2952@gmail.com,123456,vendortfw_2952,5555557272,M,1,N
vendortfw_2953@gmail.com,123456,vendortfw_2953,5555557273,M,2,N
vendortfw_2954@gmail.com,123456,vendortfw_2954,5555557274,M,3,N
vendortfw_2955@gmail.com,123456,vendortfw_2955,5555557275,M,4,N
vendortfw_2956@gmail.com,123456,vendortfw_2956,5555557276,M,5,N
vendortfw_2957@gmail.com,123456,vendortfw_2957,5555557277,M,6,N
vendortfw_2958@gmail.com,123456,vendortfw_2958,5555557278,M,7,N
vendortfw_2959@gmail.com,123456,vendortfw_2959,5555557279,M,8,N
vendortfw_2960@gmail.com,123456,vendortfw_2960,5555557280,M,9,N
vendortfw_2961@gmail.com,123456,vendortfw_2961,5555557281,M,10,N
vendortfw_2962@gmail.com,123456,vendortfw_2962,5555557282,M,11,N
vendortfw_2963@gmail.com,123456,vendortfw_2963,5555557283,M,12,N
vendortfw_2964@gmail.com,123456,vendortfw_2964,5555557284,M,13,N
vendortfw_2965@gmail.com,123456,vendortfw_2965,5555557285,M,1,N
vendortfw_2966@gmail.com,123456,vendortfw_2966,5555557286,M,2,N
vendortfw_2967@gmail.com,123456,vendortfw_2967,5555557287,M,3,N
vendortfw_2968@gmail.com,123456,vendortfw_2968,5555557288,M,4,N
vendortfw_2969@gmail.com,123456,vendortfw_2969,5555557289,M,5,N
vendortfw_2970@gmail.com,123456,vendortfw_2970,5555557290,M,6,N
vendortfw_2971@gmail.com,123456,vendortfw_2971,5555557291,M,7,N
vendortfw_2972@gmail.com,123456,vendortfw_2972,5555557292,M,8,N
vendortfw_2973@gmail.com,123456,vendortfw_2973,5555557293,M,9,N
vendortfw_2974@gmail.com,123456,vendortfw_2974,5555557294,M,10,N
vendortfw_2975@gmail.com,123456,vendortfw_2975,5555557295,M,11,N
vendortfw_2976@gmail.com,123456,vendortfw_2976,5555557296,M,12,N
vendortfw_2977@gmail.com,123456,vendortfw_2977,5555557297,M,13,N
vendortfw_2978@gmail.com,123456,vendortfw_2978,5555557298,M,1,N
vendortfw_2979@gmail.com,123456,vendortfw_2979,5555557299,M,2,N
vendortfw_2980@gmail.com,123456,vendortfw_2980,5555557300,M,3,N
vendortfw_2981@gmail.com,123456,vendortfw_2981,5555557301,M,4,N
vendortfw_2982@gmail.com,123456,vendortfw_2982,5555557302,M,5,N
vendortfw_2983@gmail.com,123456,vendortfw_2983,5555557303,M,6,N
vendortfw_2984@gmail.com,123456,vendortfw_2984,5555557304,M,7,N
vendortfw_2985@gmail.com,123456,vendortfw_2985,5555557305,M,8,N
vendortfw_2986@gmail.com,123456,vendortfw_2986,5555557306,M,9,N
vendortfw_2987@gmail.com,123456,vendortfw_2987,5555557307,M,10,N
vendortfw_2988@gmail.com,123456,vendortfw_2988,5555557308,M,11,N
vendortfw_2989@gmail.com,123456,vendortfw_2989,5555557309,M,12,N
vendortfw_2990@gmail.com,123456,vendortfw_2990,5555557310,M,13,N
vendortfw_2991@gmail.com,123456,vendortfw_2991,5555557311,M,1,N
vendortfw_2992@gmail.com,123456,vendortfw_2992,5555557312,M,2,N
vendortfw_2993@gmail.com,123456,vendortfw_2993,5555557313,M,3,N
vendortfw_2994@gmail.com,123456,vendortfw_2994,5555557314,M,4,N
vendortfw_2995@gmail.com,123456,vendortfw_2995,5555557315,M,5,N
vendortfw_2996@gmail.com,123456,vendortfw_2996,5555557316,M,6,N
vendortfw_2997@gmail.com,123456,vendortfw_2997,5555557317,M,7,N
vendortfw_2998@gmail.com,123456,vendortfw_2998,5555557318,M,8,N
vendortfw_2999@gmail.com,123456,vendortfw_2999,5555557319,M,9,N
vendortfw_3000@gmail.com,123456,vendortfw_3000,5555557320,M,10,N
