Vendor15@gmail.com,45,Vendor15,9100000015
Vendor14@gmail.com,44,Vendor14,9100000014
Vendor23@gmail.com,57,Vendor23,9100000023
Vendor25@gmail.com,58,Vendor25,9100000025
Vendor28@gmail.com,65,Vendor28,9100000028
Vendor2@gmail.com,35,Vendor2,9100000002
Vendor1@gmail.com,33,Vendor1,9100000001
Vendor5@gmail.com,37,Vendor5,9100000005
Vendor7@gmail.com,41,Vendor7,9100000007
Vendor8@gmail.com,39,Vendor8,9100000008
Vendor3@gmail.com,34,Vendor3,9100000003
Vendor13@gmail.com,48,Vendor13,9100000013
Vendor6@gmail.com,38,Vendor6,9100000006
Vendor20@gmail.com,50,Vendor20,9100000020
Vendor9@gmail.com,40,Vendor9,9100000009
Vendor26@gmail.com,56,Vendor26,9100000026
Vendor12@gmail.com,47,Vendor12,9100000012
Vendor11@gmail.com,42,Vendor11,9100000011
Vendor18@gmail.com,52,Vendor18,9100000018
Vendor17@gmail.com,46,Vendor17,9100000017
Vendor10@gmail.com,43,Vendor10,9100000010
Vendor19@gmail.com,49,Vendor19,9100000019
Vendor16@gmail.com,51,Vendor16,9100000016
Vendor21@gmail.com,53,Vendor21,9100000021
Vendor22@gmail.com,55,Vendor22,9100000022
Vendor4@gmail.com,36,Vendor4,9100000004
Vendor27@gmail.com,61,Vendor27,9100000027
Vendor29@gmail.com,59,Vendor29,9100000029
Vendor30@gmail.com,60,Vendor30,9100000030
Vendor31@gmail.com,63,Vendor31,9100000031
Vendor33@gmail.com,62,Vendor33,9100000033
Vendor39@gmail.com,67,Vendor39,9100000039
Vendor45@gmail.com,74,Vendor45,9100000045
Vendor34@gmail.com,64,Vendor34,9100000034
Vendor36@gmail.com,88,Vendor36,9100000036
Vendor35@gmail.com,95,Vendor35,9100000035
Vendor37@gmail.com,70,Vendor37,9100000037
Vendor47@gmail.com,83,Vendor47,9100000047
Vendor41@gmail.com,85,Vendor41,9100000041
Vendor43@gmail.com,73,Vendor43,9100000043
Vendor40@gmail.com,91,Vendor40,9100000040
Vendor38@gmail.com,69,Vendor38,9100000038
Vendor44@gmail.com,87,Vendor44,9100000044
Vendor24@gmail.com,54,Vendor24,9100000024
Vendor46@gmail.com,151,Vendor46,9100000046
Vendor48@gmail.com,71,Vendor48,9100000048
Vendor42@gmail.com,72,Vendor42,9100000042
Vendor32@gmail.com,66,Vendor32,9100000032
Vendor49@gmail.com,80,Vendor49,9100000049
Vendor51@gmail.com,79,Vendor51,9100000051
Vendor52@gmail.com,110,Vendor52,9100000052
Vendor65@gmail.com,81,Vendor65,9100000065
Vendor82@gmail.com,121,Vendor82,9100000082
Vendor60@gmail.com,86,Vendor60,9100000060
Vendor68@gmail.com,102,Vendor68,9100000068
Vendor83@gmail.com,101,Vendor83,9100000083
Vendor74@gmail.com,113,Vendor74,9100000074
Vendor57@gmail.com,75,Vendor57,9100000057
Vendor50@gmail.com,76,Vendor50,9100000050
Vendor54@gmail.com,68,Vendor54,9100000054
Vendor56@gmail.com,93,Vendor56,9100000056
Vendor79@gmail.com,94,Vendor79,9100000079
Vendor77@gmail.com,186,Vendor77,9100000077
Vendor73@gmail.com,108,Vendor73,9100000073
Vendor72@gmail.com,127,Vendor72,9100000072
Vendor81@gmail.com,156,Vendor81,9100000081
Vendor66@gmail.com,117,Vendor66,9100000066
Vendor64@gmail.com,124,Vendor64,9100000064
Vendor70@gmail.com,96,Vendor70,9100000070
Vendor58@gmail.com,90,Vendor58,9100000058
Vendor55@gmail.com,82,Vendor55,9100000055
Vendor61@gmail.com,78,Vendor61,9100000061
Vendor59@gmail.com,100,Vendor59,9100000059
Vendor63@gmail.com,84,Vendor63,9100000063
Vendor67@gmail.com,103,Vendor67,9100000067
Vendor78@gmail.com,120,Vendor78,9100000078
Vendor80@gmail.com,99,Vendor80,9100000080
Vendor71@gmail.com,98,Vendor71,9100000071
Vendor75@gmail.com,112,Vendor75,9100000075
Vendor53@gmail.com,77,Vendor53,9100000053
Vendor69@gmail.com,107,Vendor69,9100000069
Vendor76@gmail.com,89,Vendor76,9100000076
Vendor85@gmail.com,158,Vendor85,9100000085
Vendor94@gmail.com,105,Vendor94,9100000094
Vendor100@gmail.com,106,Vendor100,9100000100
Vendor86@gmail.com,143,Vendor86,9100000086
Vendor97@gmail.com,104,Vendor97,9100000097
Vendor112@gmail.com,123,Vendor112,9100000112
Vendor115@gmail.com,128,Vendor115,9100000115
Vendor108@gmail.com,141,Vendor108,9100000108
Vendor113@gmail.com,166,Vendor113,9100000113
Vendor119@gmail.com,168,Vendor119,9100000119
Vendor122@gmail.com,131,Vendor122,9100000122
Vendor127@gmail.com,138,Vendor127,9100000127
Vendor104@gmail.com,153,Vendor104,9100000104
Vendor120@gmail.com,148,Vendor120,9100000120
Vendor107@gmail.com,122,Vendor107,9100000107
Vendor109@gmail.com,177,Vendor109,9100000109
Vendor118@gmail.com,187,Vendor118,9100000118
Vendor114@gmail.com,119,Vendor114,9100000114
Vendor172@gmail.com,210,Vendor172,9100000172
Vendor123@gmail.com,176,Vendor123,9100000123
Vendor116@gmail.com,154,Vendor116,9100000116
Vendor135@gmail.com,159,Vendor135,9100000135
Vendor133@gmail.com,182,Vendor133,9100000133
Vendor138@gmail.com,157,Vendor138,9100000138
Vendor136@gmail.com,140,Vendor136,9100000136
Vendor147@gmail.com,173,Vendor147,9100000147
Vendor151@gmail.com,197,Vendor151,9100000151
Vendor131@gmail.com,171,Vendor131,9100000131
Vendor149@gmail.com,165,Vendor149,9100000149
Vendor132@gmail.com,135,Vendor132,9100000132
Vendor130@gmail.com,152,Vendor130,9100000130
Vendor143@gmail.com,161,Vendor143,9100000143
Vendor141@gmail.com,149,Vendor141,9100000141
Vendor134@gmail.com,146,Vendor134,9100000134
Vendor153@gmail.com,155,Vendor153,9100000153
Vendor140@gmail.com,172,Vendor140,9100000140
Vendor156@gmail.com,194,Vendor156,9100000156
Vendor145@gmail.com,196,Vendor145,9100000145
Vendor152@gmail.com,180,Vendor152,9100000152
Vendor154@gmail.com,188,Vendor154,9100000154
Vendor158@gmail.com,178,Vendor158,9100000158
Vendor139@gmail.com,191,Vendor139,9100000139
Vendor148@gmail.com,179,Vendor148,9100000148
Vendor157@gmail.com,190,Vendor157,9100000157
Vendor180@gmail.com,220,Vendor180,9100000180
Vendor171@gmail.com,204,Vendor171,9100000171
Vendor175@gmail.com,202,Vendor175,9100000175
Vendor161@gmail.com,181,Vendor161,9100000161
Vendor167@gmail.com,199,Vendor167,9100000167
Vendor179@gmail.com,221,Vendor179,9100000179
Vendor102@gmail.com,167,Vendor102,9100000102
Vendor90@gmail.com,114,Vendor90,9100000090
Vendor181@gmail.com,211,Vendor181,9100000181
Vendor165@gmail.com,144,Vendor165,9100000165
Vendor169@gmail.com,200,Vendor169,9100000169
Vendor121@gmail.com,170,Vendor121,9100000121
Vendor164@gmail.com,195,Vendor164,9100000164
Vendor178@gmail.com,206,Vendor178,9100000178
Vendor177@gmail.com,207,Vendor177,9100000177
Vendor168@gmail.com,201,Vendor168,9100000168
Vendor87@gmail.com,163,Vendor87,9100000087
Vendor173@gmail.com,205,Vendor173,9100000173
Vendor176@gmail.com,213,Vendor176,9100000176
Vendor170@gmail.com,203,Vendor170,9100000170
Vendor160@gmail.com,192,Vendor160,9100000160
Vendor146@gmail.com,145,Vendor146,9100000146
Vendor159@gmail.com,193,Vendor159,9100000159
Vendor150@gmail.com,169,Vendor150,9100000150
Vendor144@gmail.com,136,Vendor144,9100000144
Vendor166@gmail.com,198,Vendor166,9100000166
Vendor162@gmail.com,175,Vendor162,9100000162
Vendor128@gmail.com,174,Vendor128,9100000128
Vendor125@gmail.com,133,Vendor125,9100000125
Vendor111@gmail.com,147,Vendor111,9100000111
Vendor117@gmail.com,137,Vendor117,9100000117
Vendor110@gmail.com,164,Vendor110,9100000110
Vendor106@gmail.com,130,Vendor106,9100000106
Vendor126@gmail.com,150,Vendor126,9100000126
Vendor142@gmail.com,139,Vendor142,9100000142
Vendor163@gmail.com,189,Vendor163,9100000163
Vendor124@gmail.com,132,Vendor124,9100000124
Vendor155@gmail.com,185,Vendor155,9100000155
Vendor129@gmail.com,142,Vendor129,9100000129
Vendor99@gmail.com,134,Vendor99,9100000099
Vendor103@gmail.com,125,Vendor103,9100000103
Vendor93@gmail.com,111,Vendor93,9100000093
Vendor101@gmail.com,126,Vendor101,9100000101
Vendor89@gmail.com,184,Vendor89,9100000089
Vendor105@gmail.com,160,Vendor105,9100000105
Vendor91@gmail.com,116,Vendor91,9100000091
Vendor174@gmail.com,208,Vendor174,9100000174
Vendor96@gmail.com,183,Vendor96,9100000096
Vendor137@gmail.com,162,Vendor137,9100000137
Vendor88@gmail.com,97,Vendor88,9100000088
Vendor84@gmail.com,118,Vendor84,9100000084
Vendor98@gmail.com,129,Vendor98,9100000098
Vendor62@gmail.com,92,Vendor62,9100000062
Vendor95@gmail.com,115,Vendor95,9100000095
Vendor92@gmail.com,109,Vendor92,9100000092
Vendor190@gmail.com,216,Vendor190,9100000190
Vendor187@gmail.com,215,Vendor187,9100000187
Vendor188@gmail.com,224,Vendor188,9100000188
Vendor183@gmail.com,209,Vendor183,9100000183
Vendor191@gmail.com,223,Vendor191,9100000191
Vendor186@gmail.com,214,Vendor186,9100000186
Vendor189@gmail.com,218,Vendor189,9100000189
Vendor184@gmail.com,228,Vendor184,9100000184
Vendor192@gmail.com,217,Vendor192,9100000192
Vendor185@gmail.com,226,Vendor185,9100000185
Vendor195@gmail.com,230,Vendor195,9100000195
Vendor182@gmail.com,212,Vendor182,9100000182
Vendor197@gmail.com,227,Vendor197,9100000197
Vendor193@gmail.com,225,Vendor193,9100000193
Vendor198@gmail.com,229,Vendor198,9100000198
Vendor199@gmail.com,231,Vendor199,9100000199
Vendor200@gmail.com,232,Vendor200,9100000200
Vendor194@gmail.com,219,Vendor194,9100000194
Vendor196@gmail.com,222,Vendor196,9100000196
Vendor3@gmail.com,34,Vendor3,9100000003
VendorTest1@gmail.com,27,VendorTest1,8000000001
Vendor2@gmail.com,35,Vendor2,9100000002
Vendor1@gmail.com,33,Vendor1,9100000001
Vendor7@gmail.com,41,Vendor7,9100000007
Vendor6@gmail.com,38,Vendor6,9100000006
Vendor13@gmail.com,48,Vendor13,9100000013
Vendor19@gmail.com,49,Vendor19,9100000019
Vendor22@gmail.com,55,Vendor22,9100000022
Vendor21@gmail.com,53,Vendor21,9100000021
Vendor24@gmail.com,54,Vendor24,9100000024
Vendor15@gmail.com,45,Vendor15,9100000015
Vendor14@gmail.com,44,Vendor14,9100000014
Vendor27@gmail.com,61,Vendor27,9100000027
Vendor26@gmail.com,56,Vendor26,9100000026
Vendor25@gmail.com,58,Vendor25,9100000025
Vendor18@gmail.com,52,Vendor18,9100000018
Vendor11@gmail.com,42,Vendor11,9100000011
Vendor8@gmail.com,39,Vendor8,9100000008
Vendor5@gmail.com,37,Vendor5,9100000005
Vendor23@gmail.com,57,Vendor23,9100000023
Vendor16@gmail.com,51,Vendor16,9100000016
Vendor17@gmail.com,46,Vendor17,9100000017
Vendor12@gmail.com,47,Vendor12,9100000012
Vendor4@gmail.com,36,Vendor4,9100000004
Vendor10@gmail.com,43,Vendor10,9100000010
Vendor38@gmail.com,69,Vendor38,9100000038
Vendor39@gmail.com,67,Vendor39,9100000039
Vendor35@gmail.com,95,Vendor35,9100000035
Vendor40@gmail.com,91,Vendor40,9100000040
Vendor9@gmail.com,40,Vendor9,9100000009
Vendor20@gmail.com,50,Vendor20,9100000020
Vendor28@gmail.com,65,Vendor28,9100000028
Vendor30@gmail.com,60,Vendor30,9100000030
Vendor29@gmail.com,59,Vendor29,9100000029
Vendor32@gmail.com,66,Vendor32,9100000032
Vendor31@gmail.com,63,Vendor31,9100000031
Vendor33@gmail.com,62,Vendor33,9100000033
Vendor37@gmail.com,70,Vendor37,9100000037
Vendor57@gmail.com,75,Vendor57,9100000057
Vendor51@gmail.com,79,Vendor51,9100000051
Vendor72@gmail.com,127,Vendor72,9100000072
Vendor48@gmail.com,71,Vendor48,9100000048
Vendor44@gmail.com,87,Vendor44,9100000044
Vendor56@gmail.com,93,Vendor56,9100000056
Vendor52@gmail.com,110,Vendor52,9100000052
Vendor53@gmail.com,77,Vendor53,9100000053
Vendor75@gmail.com,112,Vendor75,9100000075
Vendor47@gmail.com,83,Vendor47,9100000047
Vendor77@gmail.com,186,Vendor77,9100000077
Vendor76@gmail.com,89,Vendor76,9100000076
Vendor70@gmail.com,96,Vendor70,9100000070
Vendor74@gmail.com,113,Vendor74,9100000074
Vendor71@gmail.com,98,Vendor71,9100000071
Vendor69@gmail.com,107,Vendor69,9100000069
Vendor66@gmail.com,117,Vendor66,9100000066
Vendor67@gmail.com,103,Vendor67,9100000067
Vendor65@gmail.com,81,Vendor65,9100000065
Vendor64@gmail.com,124,Vendor64,9100000064
Vendor61@gmail.com,78,Vendor61,9100000061
Vendor59@gmail.com,100,Vendor59,9100000059
Vendor60@gmail.com,86,Vendor60,9100000060
Vendor62@gmail.com,92,Vendor62,9100000062
Vendor45@gmail.com,74,Vendor45,9100000045
Vendor36@gmail.com,88,Vendor36,9100000036
Vendor63@gmail.com,84,Vendor63,9100000063
Vendor58@gmail.com,90,Vendor58,9100000058
Vendor46@gmail.com,151,Vendor46,9100000046
Vendor43@gmail.com,73,Vendor43,9100000043
Vendor68@gmail.com,102,Vendor68,9100000068
Vendor80@gmail.com,99,Vendor80,9100000080
Vendor49@gmail.com,80,Vendor49,9100000049
Vendor50@gmail.com,76,Vendor50,9100000050
Vendor41@gmail.com,85,Vendor41,9100000041
Vendor79@gmail.com,94,Vendor79,9100000079
Vendor78@gmail.com,120,Vendor78,9100000078
Vendor55@gmail.com,82,Vendor55,9100000055
Vendor54@gmail.com,68,Vendor54,9100000054
Vendor42@gmail.com,72,Vendor42,9100000042
Vendor73@gmail.com,108,Vendor73,9100000073
Vendor34@gmail.com,64,Vendor34,9100000034
Vendor86@gmail.com,143,Vendor86,9100000086
Vendor93@gmail.com,111,Vendor93,9100000093
Vendor92@gmail.com,109,Vendor92,9100000092
Vendor88@gmail.com,97,Vendor88,9100000088
Vendor116@gmail.com,154,Vendor116,9100000116
Vendor90@gmail.com,114,Vendor90,9100000090
Vendor94@gmail.com,105,Vendor94,9100000094
Vendor125@gmail.com,133,Vendor125,9100000125
Vendor102@gmail.com,167,Vendor102,9100000102
Vendor121@gmail.com,170,Vendor121,9100000121
Vendor130@gmail.com,152,Vendor130,9100000130
Vendor140@gmail.com,172,Vendor140,9100000140
Vendor81@gmail.com,156,Vendor81,9100000081
Vendor149@gmail.com,165,Vendor149,9100000149
Vendor122@gmail.com,131,Vendor122,9100000122
Vendor91@gmail.com,116,Vendor91,9100000091
Vendor99@gmail.com,134,Vendor99,9100000099
Vendor144@gmail.com,136,Vendor144,9100000144
Vendor97@gmail.com,104,Vendor97,9100000097
Vendor146@gmail.com,145,Vendor146,9100000146
Vendor120@gmail.com,148,Vendor120,9100000120
Vendor112@gmail.com,123,Vendor112,9100000112
Vendor135@gmail.com,159,Vendor135,9100000135
Vendor82@gmail.com,121,Vendor82,9100000082
Vendor100@gmail.com,106,Vendor100,9100000100
Vendor101@gmail.com,126,Vendor101,9100000101
Vendor114@gmail.com,119,Vendor114,9100000114
Vendor115@gmail.com,128,Vendor115,9100000115
Vendor136@gmail.com,140,Vendor136,9100000136
Vendor98@gmail.com,129,Vendor98,9100000098
Vendor103@gmail.com,125,Vendor103,9100000103
Vendor105@gmail.com,160,Vendor105,9100000105
Vendor129@gmail.com,142,Vendor129,9100000129
Vendor110@gmail.com,164,Vendor110,9100000110
Vendor107@gmail.com,122,Vendor107,9100000107
Vendor108@gmail.com,141,Vendor108,9100000108
Vendor104@gmail.com,153,Vendor104,9100000104
Vendor106@gmail.com,130,Vendor106,9100000106
Vendor147@gmail.com,173,Vendor147,9100000147
Vendor109@gmail.com,177,Vendor109,9100000109
Vendor145@gmail.com,196,Vendor145,9100000145
Vendor119@gmail.com,168,Vendor119,9100000119
Vendor134@gmail.com,146,Vendor134,9100000134
Vendor128@gmail.com,174,Vendor128,9100000128
Vendor133@gmail.com,182,Vendor133,9100000133
Vendor132@gmail.com,135,Vendor132,9100000132
Vendor124@gmail.com,132,Vendor124,9100000124
Vendor137@gmail.com,162,Vendor137,9100000137
Vendor141@gmail.com,149,Vendor141,9100000141
Vendor96@gmail.com,183,Vendor96,9100000096
Vendor85@gmail.com,158,Vendor85,9100000085
Vendor118@gmail.com,187,Vendor118,9100000118
Vendor142@gmail.com,139,Vendor142,9100000142
Vendor95@gmail.com,115,Vendor95,9100000095
Vendor123@gmail.com,176,Vendor123,9100000123
Vendor127@gmail.com,138,Vendor127,9100000127
Vendor111@gmail.com,147,Vendor111,9100000111
Vendor126@gmail.com,150,Vendor126,9100000126
Vendor87@gmail.com,163,Vendor87,9100000087
Vendor131@gmail.com,171,Vendor131,9100000131
Vendor113@gmail.com,166,Vendor113,9100000113
Vendor139@gmail.com,191,Vendor139,9100000139
Vendor138@gmail.com,157,Vendor138,9100000138
Vendor89@gmail.com,184,Vendor89,9100000089
Vendor117@gmail.com,137,Vendor117,9100000117
Vendor83@gmail.com,101,Vendor83,9100000083
Vendor84@gmail.com,118,Vendor84,9100000084
Vendor143@gmail.com,161,Vendor143,9100000143
Vendor162@gmail.com,175,Vendor162,9100000162
Vendor161@gmail.com,181,Vendor161,9100000161
Vendor163@gmail.com,189,Vendor163,9100000163
Vendor164@gmail.com,195,Vendor164,9100000164
Vendor153@gmail.com,155,Vendor153,9100000153
Vendor154@gmail.com,188,Vendor154,9100000154
Vendor155@gmail.com,185,Vendor155,9100000155
Vendor159@gmail.com,193,Vendor159,9100000159
Vendor148@gmail.com,179,Vendor148,9100000148
Vendor158@gmail.com,178,Vendor158,9100000158
Vendor151@gmail.com,197,Vendor151,9100000151
Vendor156@gmail.com,194,Vendor156,9100000156
Vendor150@gmail.com,169,Vendor150,9100000150
Vendor152@gmail.com,180,Vendor152,9100000152
Vendor157@gmail.com,190,Vendor157,9100000157
Vendor160@gmail.com,192,Vendor160,9100000160
Vendor165@gmail.com,144,Vendor165,9100000165
Vendor168@gmail.com,201,Vendor168,9100000168
Vendor170@gmail.com,203,Vendor170,9100000170
Vendor166@gmail.com,198,Vendor166,9100000166
Vendor169@gmail.com,200,Vendor169,9100000169
Vendor175@gmail.com,202,Vendor175,9100000175
Vendor167@gmail.com,199,Vendor167,9100000167
Vendor181@gmail.com,211,Vendor181,9100000181
Vendor177@gmail.com,207,Vendor177,9100000177
Vendor188@gmail.com,224,Vendor188,9100000188
Vendor199@gmail.com,231,Vendor199,9100000199
Vendor173@gmail.com,205,Vendor173,9100000173
Vendor176@gmail.com,213,Vendor176,9100000176
Vendor184@gmail.com,228,Vendor184,9100000184
Vendor186@gmail.com,214,Vendor186,9100000186
Vendor182@gmail.com,212,Vendor182,9100000182
Vendor189@gmail.com,218,Vendor189,9100000189
Vendor197@gmail.com,227,Vendor197,9100000197
Vendor191@gmail.com,223,Vendor191,9100000191
Vendor192@gmail.com,217,Vendor192,9100000192
Vendor194@gmail.com,219,Vendor194,9100000194
Vendor195@gmail.com,230,Vendor195,9100000195
Vendor190@gmail.com,216,Vendor190,9100000190
Vendor172@gmail.com,210,Vendor172,9100000172
Vendor198@gmail.com,229,Vendor198,9100000198
Vendor196@gmail.com,222,Vendor196,9100000196
Vendor180@gmail.com,220,Vendor180,9100000180
Vendor174@gmail.com,208,Vendor174,9100000174
Vendor178@gmail.com,206,Vendor178,9100000178
Vendor187@gmail.com,215,Vendor187,9100000187
Vendor179@gmail.com,221,Vendor179,9100000179
Vendor183@gmail.com,209,Vendor183,9100000183
Vendor171@gmail.com,204,Vendor171,9100000171
Vendor185@gmail.com,226,Vendor185,9100000185
Vendor193@gmail.com,225,Vendor193,9100000193
Vendor1@gmail.com,33,Vendor1,9100000001
Vendor6@gmail.com,38,Vendor6,9100000006
Vendor3@gmail.com,34,Vendor3,9100000003
Vendor5@gmail.com,37,Vendor5,9100000005
Vendor22@gmail.com,55,Vendor22,9100000022
Vendor23@gmail.com,57,Vendor23,9100000023
Vendor25@gmail.com,58,Vendor25,9100000025
Vendor27@gmail.com,61,Vendor27,9100000027
Vendor29@gmail.com,59,Vendor29,9100000029
Vendor31@gmail.com,63,Vendor31,9100000031
Vendor28@gmail.com,65,Vendor28,9100000028
Vendor32@gmail.com,66,Vendor32,9100000032
Vendor30@gmail.com,60,Vendor30,9100000030
Vendor39@gmail.com,67,Vendor39,9100000039
Vendor33@gmail.com,62,Vendor33,9100000033
Vendor34@gmail.com,64,Vendor34,9100000034
Vendor40@gmail.com,91,Vendor40,9100000040
Vendor42@gmail.com,72,Vendor42,9100000042
Vendor18@gmail.com,52,Vendor18,9100000018
Vendor4@gmail.com,36,Vendor4,9100000004
Vendor36@gmail.com,88,Vendor36,9100000036
Vendor43@gmail.com,73,Vendor43,9100000043
Vendor35@gmail.com,95,Vendor35,9100000035
Vendor26@gmail.com,56,Vendor26,9100000026
Vendor24@gmail.com,54,Vendor24,9100000024
Vendor55@gmail.com,82,Vendor55,9100000055
Vendor58@gmail.com,90,Vendor58,9100000058
Vendor53@gmail.com,77,Vendor53,9100000053
Vendor56@gmail.com,93,Vendor56,9100000056
Vendor54@gmail.com,68,Vendor54,9100000054
Vendor59@gmail.com,100,Vendor59,9100000059
Vendor57@gmail.com,75,Vendor57,9100000057
Vendor52@gmail.com,110,Vendor52,9100000052
Vendor48@gmail.com,71,Vendor48,9100000048
Vendor50@gmail.com,76,Vendor50,9100000050
Vendor46@gmail.com,151,Vendor46,9100000046
Vendor2@gmail.com,35,Vendor2,9100000002
Vendor44@gmail.com,87,Vendor44,9100000044
Vendor8@gmail.com,39,Vendor8,9100000008
Vendor47@gmail.com,83,Vendor47,9100000047
Vendor7@gmail.com,41,Vendor7,9100000007
Vendor51@gmail.com,79,Vendor51,9100000051
Vendor9@gmail.com,40,Vendor9,9100000009
Vendor21@gmail.com,53,Vendor21,9100000021
Vendor17@gmail.com,46,Vendor17,9100000017
Vendor64@gmail.com,124,Vendor64,9100000064
Vendor45@gmail.com,74,Vendor45,9100000045
Vendor20@gmail.com,50,Vendor20,9100000020
Vendor19@gmail.com,49,Vendor19,9100000019
Vendor41@gmail.com,85,Vendor41,9100000041
Vendor15@gmail.com,45,Vendor15,9100000015
Vendor14@gmail.com,44,Vendor14,9100000014
Vendor38@gmail.com,69,Vendor38,9100000038
Vendor13@gmail.com,48,Vendor13,9100000013
Vendor37@gmail.com,70,Vendor37,9100000037
Vendor16@gmail.com,51,Vendor16,9100000016
Vendor12@gmail.com,47,Vendor12,9100000012
Vendor11@gmail.com,42,Vendor11,9100000011
Vendor49@gmail.com,80,Vendor49,9100000049
Vendor10@gmail.com,43,Vendor10,9100000010
Vendor67@gmail.com,103,Vendor67,9100000067
Vendor63@gmail.com,84,Vendor63,9100000063
Vendor61@gmail.com,78,Vendor61,9100000061
Vendor62@gmail.com,92,Vendor62,9100000062
Vendor66@gmail.com,117,Vendor66,9100000066
Vendor60@gmail.com,86,Vendor60,9100000060
Vendor65@gmail.com,81,Vendor65,9100000065
Vendor68@gmail.com,102,Vendor68,9100000068
Vendor71@gmail.com,98,Vendor71,9100000071
Vendor69@gmail.com,107,Vendor69,9100000069
Vendor72@gmail.com,127,Vendor72,9100000072
Vendor79@gmail.com,94,Vendor79,9100000079
Vendor70@gmail.com,96,Vendor70,9100000070
Vendor73@gmail.com,108,Vendor73,9100000073
Vendor75@gmail.com,112,Vendor75,9100000075
Vendor83@gmail.com,101,Vendor83,9100000083
Vendor76@gmail.com,89,Vendor76,9100000076
Vendor87@gmail.com,163,Vendor87,9100000087
Vendor90@gmail.com,114,Vendor90,9100000090
Vendor78@gmail.com,120,Vendor78,9100000078
Vendor84@gmail.com,118,Vendor84,9100000084
Vendor82@gmail.com,121,Vendor82,9100000082
Vendor100@gmail.com,106,Vendor100,9100000100
Vendor89@gmail.com,184,Vendor89,9100000089
Vendor103@gmail.com,125,Vendor103,9100000103
Vendor101@gmail.com,126,Vendor101,9100000101
Vendor85@gmail.com,158,Vendor85,9100000085
Vendor96@gmail.com,183,Vendor96,9100000096
Vendor86@gmail.com,143,Vendor86,9100000086
Vendor95@gmail.com,115,Vendor95,9100000095
Vendor80@gmail.com,99,Vendor80,9100000080
Vendor93@gmail.com,111,Vendor93,9100000093
Vendor77@gmail.com,186,Vendor77,9100000077
Vendor99@gmail.com,134,Vendor99,9100000099
Vendor74@gmail.com,113,Vendor74,9100000074
Vendor97@gmail.com,104,Vendor97,9100000097
Vendor91@gmail.com,116,Vendor91,9100000091
Vendor94@gmail.com,105,Vendor94,9100000094
Vendor88@gmail.com,97,Vendor88,9100000088
Vendor81@gmail.com,156,Vendor81,9100000081
Vendor98@gmail.com,129,Vendor98,9100000098
Vendor92@gmail.com,109,Vendor92,9100000092
Vendor104@gmail.com,153,Vendor104,9100000104
Vendor102@gmail.com,167,Vendor102,9100000102
Vendor105@gmail.com,160,Vendor105,9100000105
Vendor132@gmail.com,135,Vendor132,9100000132
Vendor114@gmail.com,119,Vendor114,9100000114
Vendor125@gmail.com,133,Vendor125,9100000125
Vendor123@gmail.com,176,Vendor123,9100000123
Vendor129@gmail.com,142,Vendor129,9100000129
Vendor131@gmail.com,171,Vendor131,9100000131
Vendor143@gmail.com,161,Vendor143,9100000143
Vendor139@gmail.com,191,Vendor139,9100000139
Vendor135@gmail.com,159,Vendor135,9100000135
Vendor138@gmail.com,157,Vendor138,9100000138
Vendor107@gmail.com,122,Vendor107,9100000107
Vendor109@gmail.com,177,Vendor109,9100000109
Vendor130@gmail.com,152,Vendor130,9100000130
Vendor124@gmail.com,132,Vendor124,9100000124
Vendor115@gmail.com,128,Vendor115,9100000115
Vendor113@gmail.com,166,Vendor113,9100000113
Vendor110@gmail.com,164,Vendor110,9100000110
Vendor111@gmail.com,147,Vendor111,9100000111
Vendor106@gmail.com,130,Vendor106,9100000106
Vendor112@gmail.com,123,Vendor112,9100000112
Vendor142@gmail.com,139,Vendor142,9100000142
Vendor136@gmail.com,140,Vendor136,9100000136
Vendor140@gmail.com,172,Vendor140,9100000140
Vendor144@gmail.com,136,Vendor144,9100000144
Vendor137@gmail.com,162,Vendor137,9100000137
Vendor133@gmail.com,182,Vendor133,9100000133
Vendor147@gmail.com,173,Vendor147,9100000147
Vendor122@gmail.com,131,Vendor122,9100000122
Vendor141@gmail.com,149,Vendor141,9100000141
Vendor127@gmail.com,138,Vendor127,9100000127
Vendor126@gmail.com,150,Vendor126,9100000126
Vendor128@gmail.com,174,Vendor128,9100000128
Vendor145@gmail.com,196,Vendor145,9100000145
Vendor149@gmail.com,165,Vendor149,9100000149
Vendor108@gmail.com,141,Vendor108,9100000108
Vendor117@gmail.com,137,Vendor117,9100000117
Vendor121@gmail.com,170,Vendor121,9100000121
Vendor119@gmail.com,168,Vendor119,9100000119
Vendor120@gmail.com,148,Vendor120,9100000120
Vendor134@gmail.com,146,Vendor134,9100000134
Vendor116@gmail.com,154,Vendor116,9100000116
Vendor118@gmail.com,187,Vendor118,9100000118
Vendor152@gmail.com,180,Vendor152,9100000152
Vendor156@gmail.com,194,Vendor156,9100000156
Vendor155@gmail.com,185,Vendor155,9100000155
Vendor154@gmail.com,188,Vendor154,9100000154
Vendor158@gmail.com,178,Vendor158,9100000158
Vendor148@gmail.com,179,Vendor148,9100000148
Vendor146@gmail.com,145,Vendor146,9100000146
Vendor159@gmail.com,193,Vendor159,9100000159
Vendor160@gmail.com,192,Vendor160,9100000160
Vendor153@gmail.com,155,Vendor153,9100000153
Vendor150@gmail.com,169,Vendor150,9100000150
Vendor172@gmail.com,210,Vendor172,9100000172
Vendor181@gmail.com,211,Vendor181,9100000181
Vendor183@gmail.com,209,Vendor183,9100000183
Vendor185@gmail.com,226,Vendor185,9100000185
Vendor200@gmail.com,232,Vendor200,9100000200
Vendor169@gmail.com,200,Vendor169,9100000169
Vendor173@gmail.com,205,Vendor173,9100000173
Vendor184@gmail.com,228,Vendor184,9100000184
Vendor174@gmail.com,208,Vendor174,9100000174
Vendor195@gmail.com,230,Vendor195,9100000195
Vendor196@gmail.com,222,Vendor196,9100000196
Vendor157@gmail.com,190,Vendor157,9100000157
Vendor192@gmail.com,217,Vendor192,9100000192
Vendor197@gmail.com,227,Vendor197,9100000197
Vendor165@gmail.com,144,Vendor165,9100000165
Vendor166@gmail.com,198,Vendor166,9100000166
Vendor186@gmail.com,214,Vendor186,9100000186
Vendor188@gmail.com,224,Vendor188,9100000188
Vendor182@gmail.com,212,Vendor182,9100000182
Vendor189@gmail.com,218,Vendor189,9100000189
Vendor151@gmail.com,197,Vendor151,9100000151
Vendor198@gmail.com,229,Vendor198,9100000198
Vendor176@gmail.com,213,Vendor176,9100000176
Vendor179@gmail.com,221,Vendor179,9100000179
Vendor170@gmail.com,203,Vendor170,9100000170
Vendor171@gmail.com,204,Vendor171,9100000171
Vendor175@gmail.com,202,Vendor175,9100000175
Vendor194@gmail.com,219,Vendor194,9100000194
Vendor162@gmail.com,175,Vendor162,9100000162
Vendor161@gmail.com,181,Vendor161,9100000161
Vendor167@gmail.com,199,Vendor167,9100000167
Vendor199@gmail.com,231,Vendor199,9100000199
Vendor193@gmail.com,225,Vendor193,9100000193
Vendor187@gmail.com,215,Vendor187,9100000187
Vendor164@gmail.com,195,Vendor164,9100000164
Vendor177@gmail.com,207,Vendor177,9100000177
Vendor190@gmail.com,216,Vendor190,9100000190
Vendor191@gmail.com,223,Vendor191,9100000191
Vendor163@gmail.com,189,Vendor163,9100000163
Vendor180@gmail.com,220,Vendor180,9100000180
Vendor178@gmail.com,206,Vendor178,9100000178
Vendor168@gmail.com,201,Vendor168,9100000168
Vendor1@gmail.com,33,Vendor1,9100000001
Vendor123@gmail.com,176,Vendor123,9100000123
Vendor1@gmail.com,33,Vendor1,9100000001
Vendor3@gmail.com,34,Vendor3,9100000003
Vendor2@gmail.com,35,Vendor2,9100000002
Vendor1@gmail.com,33,Vendor1,9100000001
Vendor5@gmail.com,37,Vendor5,9100000005
Vendor4@gmail.com,36,Vendor4,9100000004
Vendor7@gmail.com,41,Vendor7,9100000007
Vendor10@gmail.com,43,Vendor10,9100000010
Vendor15@gmail.com,45,Vendor15,9100000015
Vendor12@gmail.com,47,Vendor12,9100000012
Vendor51@gmail.com,79,Vendor51,9100000051
Vendor21@gmail.com,53,Vendor21,9100000021
Vendor11@gmail.com,42,Vendor11,9100000011
Vendor18@gmail.com,52,Vendor18,9100000018
Vendor13@gmail.com,48,Vendor13,9100000013
Vendor31@gmail.com,63,Vendor31,9100000031
Vendor38@gmail.com,69,Vendor38,9100000038
Vendor23@gmail.com,57,Vendor23,9100000023
Vendor46@gmail.com,151,Vendor46,9100000046
Vendor9@gmail.com,40,Vendor9,9100000009
Vendor25@gmail.com,58,Vendor25,9100000025
Vendor29@gmail.com,59,Vendor29,9100000029
Vendor49@gmail.com,80,Vendor49,9100000049
Vendor52@gmail.com,110,Vendor52,9100000052
Vendor44@gmail.com,87,Vendor44,9100000044
Vendor40@gmail.com,91,Vendor40,9100000040
Vendor47@gmail.com,83,Vendor47,9100000047
Vendor14@gmail.com,44,Vendor14,9100000014
Vendor48@gmail.com,71,Vendor48,9100000048
Vendor50@gmail.com,76,Vendor50,9100000050
Vendor35@gmail.com,95,Vendor35,9100000035
Vendor34@gmail.com,64,Vendor34,9100000034
Vendor16@gmail.com,51,Vendor16,9100000016
Vendor43@gmail.com,73,Vendor43,9100000043
Vendor33@gmail.com,62,Vendor33,9100000033
Vendor36@gmail.com,88,Vendor36,9100000036
Vendor17@gmail.com,46,Vendor17,9100000017
Vendor26@gmail.com,56,Vendor26,9100000026
Vendor53@gmail.com,77,Vendor53,9100000053
Vendor45@gmail.com,74,Vendor45,9100000045
Vendor56@gmail.com,93,Vendor56,9100000056
Vendor39@gmail.com,67,Vendor39,9100000039
Vendor30@gmail.com,60,Vendor30,9100000030
Vendor42@gmail.com,72,Vendor42,9100000042
Vendor19@gmail.com,49,Vendor19,9100000019
Vendor20@gmail.com,50,Vendor20,9100000020
Vendor27@gmail.com,61,Vendor27,9100000027
Vendor37@gmail.com,70,Vendor37,9100000037
Vendor8@gmail.com,39,Vendor8,9100000008
Vendor24@gmail.com,54,Vendor24,9100000024
Vendor28@gmail.com,65,Vendor28,9100000028
Vendor22@gmail.com,55,Vendor22,9100000022
Vendor41@gmail.com,85,Vendor41,9100000041
Vendor32@gmail.com,66,Vendor32,9100000032
Vendor6@gmail.com,38,Vendor6,9100000006
Vendor54@gmail.com,68,Vendor54,9100000054
Vendor55@gmail.com,82,Vendor55,9100000055
Vendor66@gmail.com,117,Vendor66,9100000066
Vendor128@gmail.com,174,Vendor128,9100000128
Vendor63@gmail.com,84,Vendor63,9100000063
Vendor59@gmail.com,100,Vendor59,9100000059
Vendor65@gmail.com,81,Vendor65,9100000065
Vendor69@gmail.com,107,Vendor69,9100000069
Vendor73@gmail.com,108,Vendor73,9100000073
Vendor68@gmail.com,102,Vendor68,9100000068
Vendor84@gmail.com,118,Vendor84,9100000084
Vendor116@gmail.com,154,Vendor116,9100000116
Vendor101@gmail.com,126,Vendor101,9100000101
Vendor105@gmail.com,160,Vendor105,9100000105
Vendor58@gmail.com,90,Vendor58,9100000058
Vendor103@gmail.com,125,Vendor103,9100000103
Vendor100@gmail.com,106,Vendor100,9100000100
Vendor72@gmail.com,127,Vendor72,9100000072
Vendor82@gmail.com,121,Vendor82,9100000082
Vendor91@gmail.com,116,Vendor91,9100000091
Vendor80@gmail.com,99,Vendor80,9100000080
Vendor77@gmail.com,186,Vendor77,9100000077
Vendor76@gmail.com,89,Vendor76,9100000076
Vendor85@gmail.com,158,Vendor85,9100000085
Vendor88@gmail.com,97,Vendor88,9100000088
Vendor99@gmail.com,134,Vendor99,9100000099
Vendor71@gmail.com,98,Vendor71,9100000071
Vendor79@gmail.com,94,Vendor79,9100000079
Vendor57@gmail.com,75,Vendor57,9100000057
Vendor87@gmail.com,163,Vendor87,9100000087
Vendor89@gmail.com,184,Vendor89,9100000089
Vendor107@gmail.com,122,Vendor107,9100000107
Vendor96@gmail.com,183,Vendor96,9100000096
Vendor90@gmail.com,114,Vendor90,9100000090
Vendor110@gmail.com,164,Vendor110,9100000110
Vendor94@gmail.com,105,Vendor94,9100000094
Vendor97@gmail.com,104,Vendor97,9100000097
Vendor64@gmail.com,124,Vendor64,9100000064
Vendor109@gmail.com,177,Vendor109,9100000109
Vendor118@gmail.com,187,Vendor118,9100000118
Vendor122@gmail.com,131,Vendor122,9100000122
Vendor162@gmail.com,175,Vendor162,9100000162
Vendor125@gmail.com,133,Vendor125,9100000125
Vendor129@gmail.com,142,Vendor129,9100000129
Vendor134@gmail.com,146,Vendor134,9100000134
Vendor145@gmail.com,196,Vendor145,9100000145
Vendor154@gmail.com,188,Vendor154,9100000154
Vendor159@gmail.com,193,Vendor159,9100000159
Vendor160@gmail.com,192,Vendor160,9100000160
Vendor169@gmail.com,200,Vendor169,9100000169
Vendor158@gmail.com,178,Vendor158,9100000158
Vendor161@gmail.com,181,Vendor161,9100000161
Vendor132@gmail.com,135,Vendor132,9100000132
Vendor126@gmail.com,150,Vendor126,9100000126
Vendor81@gmail.com,156,Vendor81,9100000081
Vendor83@gmail.com,101,Vendor83,9100000083
Vendor62@gmail.com,92,Vendor62,9100000062
Vendor93@gmail.com,111,Vendor93,9100000093
Vendor95@gmail.com,115,Vendor95,9100000095
Vendor60@gmail.com,86,Vendor60,9100000060
Vendor106@gmail.com,130,Vendor106,9100000106
Vendor61@gmail.com,78,Vendor61,9100000061
Vendor98@gmail.com,129,Vendor98,9100000098
Vendor113@gmail.com,166,Vendor113,9100000113
Vendor67@gmail.com,103,Vendor67,9100000067
Vendor114@gmail.com,119,Vendor114,9100000114
Vendor74@gmail.com,113,Vendor74,9100000074
Vendor108@gmail.com,141,Vendor108,9100000108
Vendor117@gmail.com,137,Vendor117,9100000117
Vendor70@gmail.com,96,Vendor70,9100000070
Vendor124@gmail.com,132,Vendor124,9100000124
Vendor150@gmail.com,169,Vendor150,9100000150
Vendor119@gmail.com,168,Vendor119,9100000119
Vendor130@gmail.com,152,Vendor130,9100000130
Vendor104@gmail.com,153,Vendor104,9100000104
Vendor136@gmail.com,140,Vendor136,9100000136
Vendor143@gmail.com,161,Vendor143,9100000143
Vendor127@gmail.com,138,Vendor127,9100000127
Vendor120@gmail.com,148,Vendor120,9100000120
Vendor139@gmail.com,191,Vendor139,9100000139
Vendor141@gmail.com,149,Vendor141,9100000141
Vendor135@gmail.com,159,Vendor135,9100000135
Vendor133@gmail.com,182,Vendor133,9100000133
Vendor147@gmail.com,173,Vendor147,9100000147
Vendor149@gmail.com,165,Vendor149,9100000149
Vendor151@gmail.com,197,Vendor151,9100000151
Vendor137@gmail.com,162,Vendor137,9100000137
Vendor86@gmail.com,143,Vendor86,9100000086
Vendor75@gmail.com,112,Vendor75,9100000075
Vendor140@gmail.com,172,Vendor140,9100000140
Vendor170@gmail.com,203,Vendor170,9100000170
Vendor138@gmail.com,157,Vendor138,9100000138
Vendor155@gmail.com,185,Vendor155,9100000155
Vendor163@gmail.com,189,Vendor163,9100000163
Vendor115@gmail.com,128,Vendor115,9100000115
Vendor112@gmail.com,123,Vendor112,9100000112
Vendor102@gmail.com,167,Vendor102,9100000102
Vendor123@gmail.com,176,Vendor123,9100000123
Vendor131@gmail.com,171,Vendor131,9100000131
Vendor148@gmail.com,179,Vendor148,9100000148
Vendor168@gmail.com,201,Vendor168,9100000168
Vendor78@gmail.com,120,Vendor78,9100000078
Vendor142@gmail.com,139,Vendor142,9100000142
Vendor153@gmail.com,155,Vendor153,9100000153
Vendor121@gmail.com,170,Vendor121,9100000121
Vendor144@gmail.com,136,Vendor144,9100000144
Vendor111@gmail.com,147,Vendor111,9100000111
Vendor167@gmail.com,199,Vendor167,9100000167
Vendor157@gmail.com,190,Vendor157,9100000157
Vendor152@gmail.com,180,Vendor152,9100000152
Vendor164@gmail.com,195,Vendor164,9100000164
Vendor146@gmail.com,145,Vendor146,9100000146
Vendor166@gmail.com,198,Vendor166,9100000166
Vendor92@gmail.com,109,Vendor92,9100000092
Vendor156@gmail.com,194,Vendor156,9100000156
Vendor165@gmail.com,144,Vendor165,9100000165
Vendor185@gmail.com,226,Vendor185,9100000185
Vendor184@gmail.com,228,Vendor184,9100000184
Vendor174@gmail.com,208,Vendor174,9100000174
Vendor173@gmail.com,205,Vendor173,9100000173
Vendor178@gmail.com,206,Vendor178,9100000178
Vendor180@gmail.com,220,Vendor180,9100000180
Vendor182@gmail.com,212,Vendor182,9100000182
Vendor183@gmail.com,209,Vendor183,9100000183
Vendor188@gmail.com,224,Vendor188,9100000188
Vendor181@gmail.com,211,Vendor181,9100000181
Vendor186@gmail.com,214,Vendor186,9100000186
Vendor172@gmail.com,210,Vendor172,9100000172
Vendor189@gmail.com,218,Vendor189,9100000189
Vendor175@gmail.com,202,Vendor175,9100000175
Vendor179@gmail.com,221,Vendor179,9100000179
Vendor171@gmail.com,204,Vendor171,9100000171
Vendor177@gmail.com,207,Vendor177,9100000177
Vendor176@gmail.com,213,Vendor176,9100000176
Vendor187@gmail.com,215,Vendor187,9100000187
Vendor193@gmail.com,225,Vendor193,9100000193
Vendor198@gmail.com,229,Vendor198,9100000198
Vendor200@gmail.com,232,Vendor200,9100000200
Vendor190@gmail.com,216,Vendor190,9100000190
Vendor199@gmail.com,231,Vendor199,9100000199
Vendor192@gmail.com,217,Vendor192,9100000192
Vendor196@gmail.com,222,Vendor196,9100000196
Vendor197@gmail.com,227,Vendor197,9100000197
Vendor195@gmail.com,230,Vendor195,9100000195
Vendor191@gmail.com,223,Vendor191,9100000191
Vendor194@gmail.com,219,Vendor194,9100000194
VendorTest4@gmail.com,null,null,null
VendorTest5@gmail.com,null,null,null
VendorTest4@gmail.com,null,null,null
VendorTest5@gmail.com,null,null,null
VendorTest4@gmail.com,null,null,null
VendorTest5@gmail.com,null,null,null
VendorTest4@gmail.com,null,null,null
VendorTest5@gmail.com,null,null,null
VendorTest4@gmail.com,null,null,null
VendorTest5@gmail.com,null,null,null
Vendor34@gmail.com,null,null,null
Vendor53@gmail.com,null,null,null
Vendor39@gmail.com,null,null,null
Vendor42@gmail.com,null,null,null
Vendor46@gmail.com,null,null,null
Vendor48@gmail.com,null,null,null
Vendor38@gmail.com,null,null,null
Vendor50@gmail.com,null,null,null
Vendor41@gmail.com,null,null,null
Vendor44@gmail.com,null,null,null
Vendor45@gmail.com,null,null,null
Vendor52@gmail.com,null,null,null
Vendor43@gmail.com,null,null,null
Vendor7@gmail.com,null,null,null
Vendor47@gmail.com,null,null,null
Vendor37@gmail.com,null,null,null
Vendor9@gmail.com,null,null,null
Vendor51@gmail.com,null,null,null
Vendor18@gmail.com,null,null,null
Vendor49@gmail.com,null,null,null
Vendor8@gmail.com,null,null,null
Vendor14@gmail.com,null,null,null
Vendor16@gmail.com,null,null,null
Vendor19@gmail.com,null,null,null
Vendor28@gmail.com,null,null,null
Vendor24@gmail.com,null,null,null
Vendor4@gmail.com,null,null,null
Vendor54@gmail.com,null,null,null
VendorTest4@gmail.com,null,null,null
Vendor58@gmail.com,null,null,null
Vendor30@gmail.com,null,null,null
Vendor29@gmail.com,null,null,null
Vendor55@gmail.com,null,null,null
Vendor40@gmail.com,null,null,null
Vendor36@gmail.com,null,null,null
Vendor35@gmail.com,null,null,null
Vendor31@gmail.com,null,null,null
Vendor1@gmail.com,null,null,null
Vendor27@gmail.com,null,null,null
Vendor23@gmail.com,null,null,null
Vendor13@gmail.com,null,null,null
Vendor5@gmail.com,null,null,null
Vendor10@gmail.com,null,null,null
Vendor12@gmail.com,null,null,null
Vendor25@gmail.com,null,null,null
Vendor62@gmail.com,null,null,null
Vendor61@gmail.com,null,null,null
Vendor59@gmail.com,null,null,null
Vendor60@gmail.com,null,null,null
Vendor63@gmail.com,null,null,null
Vendor64@gmail.com,null,null,null
Vendor71@gmail.com,null,null,null
Vendor65@gmail.com,null,null,null
Vendor70@gmail.com,null,null,null
Vendor67@gmail.com,null,null,null
Vendor75@gmail.com,null,null,null
Vendor80@gmail.com,null,null,null
Vendor72@gmail.com,null,null,null
Vendor78@gmail.com,null,null,null
Vendor73@gmail.com,null,null,null
Vendor79@gmail.com,null,null,null
Vendor74@gmail.com,null,null,null
Vendor83@gmail.com,null,null,null
Vendor85@gmail.com,null,null,null
Vendor77@gmail.com,null,null,null
Vendor84@gmail.com,null,null,null
Vendor81@gmail.com,null,null,null
Vendor76@gmail.com,null,null,null
Vendor87@gmail.com,null,null,null
Vendor88@gmail.com,null,null,null
Vendor91@gmail.com,null,null,null
Vendor89@gmail.com,null,null,null
Vendor90@gmail.com,null,null,null
Vendor92@gmail.com,null,null,null
Vendor94@gmail.com,null,null,null
Vendor96@gmail.com,null,null,null
Vendor95@gmail.com,null,null,null
Vendor99@gmail.com,null,null,null
Vendor86@gmail.com,null,null,null
Vendor98@gmail.com,null,null,null
Vendor97@gmail.com,null,null,null
Vendor103@gmail.com,null,null,null
Vendor101@gmail.com,null,null,null
Vendor100@gmail.com,null,null,null
Vendor57@gmail.com,null,null,null
Vendor102@gmail.com,null,null,null
Vendor105@gmail.com,null,null,null
Vendor104@gmail.com,null,null,null
Vendor21@gmail.com,null,null,null
Vendor26@gmail.com,null,null,null
Vendor22@gmail.com,null,null,null
Vendor33@gmail.com,null,null,null
VendorTest5@gmail.com,null,null,null
Vendor2@gmail.com,null,null,null
Vendor20@gmail.com,null,null,null
Vendor17@gmail.com,null,null,null
Vendor56@gmail.com,null,null,null
Vendor6@gmail.com,null,null,null
Vendor3@gmail.com,null,null,null
Vendor32@gmail.com,null,null,null
Vendor11@gmail.com,null,null,null
Vendor15@gmail.com,null,null,null
Vendor106@gmail.com,null,null,null
Vendor107@gmail.com,null,null,null
Vendor108@gmail.com,null,null,null
Vendor115@gmail.com,null,null,null
Vendor109@gmail.com,null,null,null
Vendor110@gmail.com,null,null,null
Vendor111@gmail.com,null,null,null
Vendor120@gmail.com,null,null,null
Vendor114@gmail.com,null,null,null
Vendor116@gmail.com,null,null,null
Vendor113@gmail.com,null,null,null
Vendor112@gmail.com,null,null,null
Vendor66@gmail.com,null,null,null
Vendor126@gmail.com,null,null,null
Vendor119@gmail.com,null,null,null
Vendor118@gmail.com,null,null,null
Vendor124@gmail.com,null,null,null
Vendor128@gmail.com,null,null,null
Vendor121@gmail.com,null,null,null
Vendor123@gmail.com,null,null,null
Vendor82@gmail.com,null,null,null
Vendor122@gmail.com,null,null,null
Vendor125@gmail.com,null,null,null
Vendor130@gmail.com,null,null,null
Vendor117@gmail.com,null,null,null
Vendor93@gmail.com,null,null,null
Vendor129@gmail.com,null,null,null
Vendor131@gmail.com,null,null,null
Vendor127@gmail.com,null,null,null
Vendor132@gmail.com,null,null,null
Vendor133@gmail.com,null,null,null
Vendor135@gmail.com,null,null,null
Vendor137@gmail.com,null,null,null
Vendor134@gmail.com,null,null,null
Vendor136@gmail.com,null,null,null
Vendor138@gmail.com,null,null,null
Vendor141@gmail.com,null,null,null
Vendor140@gmail.com,null,null,null
Vendor142@gmail.com,null,null,null
Vendor139@gmail.com,null,null,null
Vendor143@gmail.com,null,null,null
Vendor145@gmail.com,null,null,null
Vendor149@gmail.com,null,null,null
Vendor144@gmail.com,null,null,null
Vendor148@gmail.com,null,null,null
Vendor155@gmail.com,null,null,null
Vendor154@gmail.com,null,null,null
Vendor147@gmail.com,null,null,null
Vendor153@gmail.com,null,null,null
Vendor146@gmail.com,null,null,null
Vendor150@gmail.com,null,null,null
Vendor151@gmail.com,null,null,null
Vendor156@gmail.com,null,null,null
Vendor152@gmail.com,null,null,null
Vendor161@gmail.com,null,null,null
Vendor160@gmail.com,null,null,null
Vendor158@gmail.com,null,null,null
Vendor157@gmail.com,null,null,null
Vendor159@gmail.com,null,null,null
Vendor163@gmail.com,null,null,null
Vendor162@gmail.com,null,null,null
Vendor166@gmail.com,null,null,null
Vendor167@gmail.com,null,null,null
Vendor164@gmail.com,null,null,null
Vendor165@gmail.com,null,null,null
Vendor169@gmail.com,null,null,null
Vendor171@gmail.com,null,null,null
Vendor170@gmail.com,null,null,null
Vendor168@gmail.com,null,null,null
Vendor174@gmail.com,null,null,null
Vendor177@gmail.com,null,null,null
Vendor175@gmail.com,null,null,null
Vendor176@gmail.com,null,null,null
Vendor172@gmail.com,null,null,null
Vendor173@gmail.com,null,null,null
Vendor178@gmail.com,null,null,null
Vendor180@gmail.com,null,null,null
Vendor179@gmail.com,null,null,null
Vendor188@gmail.com,null,null,null
Vendor182@gmail.com,null,null,null
Vendor187@gmail.com,null,null,null
Vendor184@gmail.com,null,null,null
Vendor185@gmail.com,null,null,null
Vendor186@gmail.com,null,null,null
Vendor181@gmail.com,null,null,null
Vendor183@gmail.com,null,null,null
Vendor190@gmail.com,null,null,null
Vendor189@gmail.com,null,null,null
Vendor191@gmail.com,null,null,null
Vendor192@gmail.com,null,null,null
Vendor193@gmail.com,null,null,null
Vendor69@gmail.com,null,null,null
Vendor68@gmail.com,null,null,null
Vendor194@gmail.com,null,null,null
Vendor196@gmail.com,null,null,null
Vendor197@gmail.com,null,null,null
Vendor198@gmail.com,null,null,null
Vendor195@gmail.com,null,null,null
Vendor1@gmail.com,null,null,null
VendorTest4@gmail.com,null,null,null
VendorTest5@gmail.com,null,null,null
Vendor4@gmail.com,null,null,null
Vendor2@gmail.com,null,null,null
Vendor3@gmail.com,null,null,null
Vendor5@gmail.com,null,null,null
Vendor6@gmail.com,null,null,null
Vendor7@gmail.com,null,null,null
Vendor10@gmail.com,null,null,null
Vendor9@gmail.com,null,null,null
Vendor11@gmail.com,null,null,null
Vendor17@gmail.com,null,null,null
Vendor12@gmail.com,null,null,null
Vendor15@gmail.com,null,null,null
Vendor13@gmail.com,null,null,null
Vendor16@gmail.com,null,null,null
Vendor14@gmail.com,null,null,null
Vendor22@gmail.com,null,null,null
Vendor19@gmail.com,null,null,null
Vendor20@gmail.com,null,null,null
Vendor18@gmail.com,null,null,null
Vendor21@gmail.com,null,null,null
Vendor23@gmail.com,null,null,null
Vendor27@gmail.com,null,null,null
Vendor25@gmail.com,null,null,null
Vendor26@gmail.com,null,null,null
Vendor24@gmail.com,null,null,null
Vendor29@gmail.com,null,null,null
Vendor28@gmail.com,null,null,null
Vendor30@gmail.com,null,null,null
Vendor31@gmail.com,null,null,null
Vendor33@gmail.com,null,null,null
Vendor32@gmail.com,null,null,null
Vendor35@gmail.com,null,null,null
Vendor36@gmail.com,null,null,null
Vendor37@gmail.com,null,null,null
Vendor39@gmail.com,null,null,null
Vendor43@gmail.com,null,null,null
Vendor34@gmail.com,null,null,null
Vendor38@gmail.com,null,null,null
Vendor40@gmail.com,null,null,null
Vendor44@gmail.com,null,null,null
Vendor41@gmail.com,null,null,null
Vendor42@gmail.com,null,null,null
Vendor45@gmail.com,null,null,null
Vendor49@gmail.com,null,null,null
Vendor46@gmail.com,null,null,null
Vendor48@gmail.com,null,null,null
Vendor50@gmail.com,null,null,null
Vendor47@gmail.com,null,null,null
Vendor8@gmail.com,null,null,null
Vendor51@gmail.com,null,null,null
Vendor52@gmail.com,null,null,null
Vendor56@gmail.com,null,null,null
Vendor57@gmail.com,null,null,null
Vendor58@gmail.com,null,null,null
Vendor60@gmail.com,null,null,null
Vendor59@gmail.com,null,null,null
Vendor53@gmail.com,null,null,null
Vendor63@gmail.com,null,null,null
Vendor61@gmail.com,null,null,null
Vendor65@gmail.com,null,null,null
Vendor62@gmail.com,null,null,null
Vendor66@gmail.com,null,null,null
Vendor64@gmail.com,null,null,null
Vendor67@gmail.com,null,null,null
Vendor68@gmail.com,null,null,null
Vendor70@gmail.com,null,null,null
Vendor72@gmail.com,null,null,null
Vendor71@gmail.com,null,null,null
Vendor69@gmail.com,null,null,null
Vendor74@gmail.com,null,null,null
Vendor73@gmail.com,null,null,null
Vendor75@gmail.com,null,null,null
Vendor76@gmail.com,null,null,null
Vendor77@gmail.com,null,null,null
Vendor78@gmail.com,null,null,null
Vendor79@gmail.com,null,null,null
Vendor83@gmail.com,null,null,null
Vendor82@gmail.com,null,null,null
Vendor81@gmail.com,null,null,null
Vendor80@gmail.com,null,null,null
Vendor84@gmail.com,null,null,null
Vendor85@gmail.com,null,null,null
Vendor86@gmail.com,null,null,null
Vendor87@gmail.com,null,null,null
Vendor90@gmail.com,null,null,null
Vendor88@gmail.com,null,null,null
Vendor89@gmail.com,null,null,null
Vendor91@gmail.com,null,null,null
Vendor92@gmail.com,null,null,null
Vendor55@gmail.com,null,null,null
Vendor96@gmail.com,null,null,null
Vendor95@gmail.com,null,null,null
Vendor94@gmail.com,null,null,null
Vendor93@gmail.com,null,null,null
Vendor99@gmail.com,null,null,null
Vendor101@gmail.com,null,null,null
Vendor97@gmail.com,null,null,null
Vendor98@gmail.com,null,null,null
Vendor103@gmail.com,null,null,null
Vendor104@gmail.com,null,null,null
Vendor105@gmail.com,null,null,null
Vendor102@gmail.com,null,null,null
Vendor100@gmail.com,null,null,null
Vendor106@gmail.com,null,null,null
Vendor108@gmail.com,null,null,null
Vendor107@gmail.com,null,null,null
Vendor110@gmail.com,null,null,null
Vendor109@gmail.com,null,null,null
Vendor114@gmail.com,null,null,null
Vendor54@gmail.com,null,null,null
Vendor112@gmail.com,null,null,null
Vendor115@gmail.com,null,null,null
Vendor116@gmail.com,null,null,null
Vendor113@gmail.com,null,null,null
Vendor111@gmail.com,null,null,null
Vendor117@gmail.com,null,null,null
Vendor118@gmail.com,null,null,null
Vendor119@gmail.com,null,null,null
Vendor121@gmail.com,null,null,null
Vendor125@gmail.com,null,null,null
Vendor123@gmail.com,null,null,null
Vendor126@gmail.com,null,null,null
Vendor124@gmail.com,null,null,null
Vendor127@gmail.com,null,null,null
Vendor128@gmail.com,null,null,null
Vendor130@gmail.com,null,null,null
Vendor129@gmail.com,null,null,null
Vendor131@gmail.com,null,null,null
Vendor132@gmail.com,null,null,null
Vendor135@gmail.com,null,null,null
Vendor133@gmail.com,null,null,null
Vendor134@gmail.com,null,null,null
Vendor136@gmail.com,null,null,null
Vendor138@gmail.com,null,null,null
Vendor137@gmail.com,null,null,null
Vendor139@gmail.com,null,null,null
Vendor140@gmail.com,null,null,null
Vendor144@gmail.com,null,null,null
Vendor145@gmail.com,null,null,null
Vendor141@gmail.com,null,null,null
Vendor142@gmail.com,null,null,null
Vendor143@gmail.com,null,null,null
Vendor146@gmail.com,null,null,null
Vendor147@gmail.com,null,null,null
Vendor149@gmail.com,null,null,null
Vendor151@gmail.com,null,null,null
Vendor148@gmail.com,null,null,null
Vendor150@gmail.com,null,null,null
Vendor152@gmail.com,null,null,null
Vendor156@gmail.com,null,null,null
Vendor155@gmail.com,null,null,null
Vendor154@gmail.com,null,null,null
Vendor153@gmail.com,null,null,null
Vendor161@gmail.com,null,null,null
Vendor159@gmail.com,null,null,null
Vendor158@gmail.com,null,null,null
Vendor162@gmail.com,null,null,null
Vendor157@gmail.com,null,null,null
Vendor160@gmail.com,null,null,null
Vendor167@gmail.com,null,null,null
Vendor165@gmail.com,null,null,null
Vendor163@gmail.com,null,null,null
Vendor164@gmail.com,null,null,null
Vendor166@gmail.com,null,null,null
Vendor168@gmail.com,null,null,null
Vendor169@gmail.com,null,null,null
Vendor172@gmail.com,null,null,null
Vendor120@gmail.com,null,null,null
Vendor170@gmail.com,null,null,null
Vendor173@gmail.com,null,null,null
Vendor171@gmail.com,null,null,null
Vendor175@gmail.com,null,null,null
Vendor174@gmail.com,null,null,null
Vendor176@gmail.com,null,null,null
Vendor122@gmail.com,null,null,null
Vendor179@gmail.com,null,null,null
Vendor177@gmail.com,null,null,null
Vendor178@gmail.com,null,null,null
Vendor184@gmail.com,null,null,null
Vendor186@gmail.com,null,null,null
Vendor188@gmail.com,null,null,null
Vendor180@gmail.com,null,null,null
Vendor185@gmail.com,null,null,null
Vendor182@gmail.com,null,null,null
Vendor183@gmail.com,null,null,null
Vendor187@gmail.com,null,null,null
Vendor191@gmail.com,null,null,null
Vendor189@gmail.com,null,null,null
Vendor192@gmail.com,null,null,null
Vendor190@gmail.com,null,null,null
Vendor194@gmail.com,null,null,null
Vendor193@gmail.com,null,null,null
Vendor197@gmail.com,null,null,null
Vendor198@gmail.com,null,null,null
Vendor196@gmail.com,null,null,null
Vendor195@gmail.com,null,null,null
Vendor181@gmail.com,null,null,null
Vendor5@gmail.com,null,null,null
VendorTest4@gmail.com,null,null,null
Vendor6@gmail.com,null,null,null
VendorTest5@gmail.com,null,null,null
Vendor9@gmail.com,null,null,null
Vendor7@gmail.com,null,null,null
Vendor1@gmail.com,null,null,null
Vendor10@gmail.com,null,null,null
Vendor13@gmail.com,null,null,null
Vendor8@gmail.com,null,null,null
Vendor4@gmail.com,null,null,null
Vendor3@gmail.com,null,null,null
Vendor2@gmail.com,null,null,null
Vendor12@gmail.com,null,null,null
Vendor11@gmail.com,null,null,null
Vendor14@gmail.com,null,null,null
Vendor16@gmail.com,null,null,null
Vendor17@gmail.com,null,null,null
Vendor18@gmail.com,null,null,null
Vendor15@gmail.com,null,null,null
Vendor19@gmail.com,null,null,null
Vendor22@gmail.com,null,null,null
Vendor23@gmail.com,null,null,null
Vendor20@gmail.com,null,null,null
Vendor24@gmail.com,null,null,null
Vendor21@gmail.com,null,null,null
Vendor26@gmail.com,null,null,null
Vendor25@gmail.com,null,null,null
Vendor27@gmail.com,null,null,null
Vendor30@gmail.com,null,null,null
Vendor29@gmail.com,null,null,null
Vendor33@gmail.com,null,null,null
Vendor32@gmail.com,null,null,null
Vendor36@gmail.com,null,null,null
Vendor31@gmail.com,null,null,null
Vendor35@gmail.com,null,null,null
Vendor34@gmail.com,null,null,null
Vendor28@gmail.com,null,null,null
Vendor37@gmail.com,null,null,null
Vendor43@gmail.com,null,null,null
Vendor39@gmail.com,null,null,null
Vendor38@gmail.com,null,null,null
Vendor42@gmail.com,null,null,null
Vendor44@gmail.com,null,null,null
Vendor41@gmail.com,null,null,null
Vendor40@gmail.com,null,null,null
Vendor47@gmail.com,null,null,null
Vendor46@gmail.com,null,null,null
Vendor45@gmail.com,null,null,null
Vendor50@gmail.com,null,null,null
Vendor48@gmail.com,null,null,null
Vendor52@gmail.com,null,null,null
Vendor49@gmail.com,null,null,null
Vendor57@gmail.com,null,null,null
Vendor51@gmail.com,null,null,null
Vendor58@gmail.com,null,null,null
Vendor53@gmail.com,null,null,null
Vendor59@gmail.com,null,null,null
Vendor54@gmail.com,null,null,null
Vendor60@gmail.com,null,null,null
Vendor55@gmail.com,null,null,null
Vendor56@gmail.com,null,null,null
Vendor63@gmail.com,null,null,null
Vendor66@gmail.com,null,null,null
Vendor64@gmail.com,null,null,null
Vendor61@gmail.com,null,null,null
Vendor65@gmail.com,null,null,null
Vendor62@gmail.com,null,null,null
Vendor68@gmail.com,null,null,null
Vendor69@gmail.com,null,null,null
Vendor70@gmail.com,null,null,null
Vendor73@gmail.com,null,null,null
Vendor72@gmail.com,null,null,null
Vendor71@gmail.com,null,null,null
Vendor67@gmail.com,null,null,null
Vendor74@gmail.com,null,null,null
Vendor79@gmail.com,null,null,null
Vendor77@gmail.com,null,null,null
Vendor75@gmail.com,null,null,null
Vendor76@gmail.com,null,null,null
Vendor80@gmail.com,null,null,null
Vendor81@gmail.com,null,null,null
Vendor84@gmail.com,null,null,null
Vendor78@gmail.com,null,null,null
Vendor82@gmail.com,null,null,null
Vendor92@gmail.com,null,null,null
Vendor83@gmail.com,null,null,null
Vendor85@gmail.com,null,null,null
Vendor90@gmail.com,null,null,null
Vendor89@gmail.com,null,null,null
Vendor88@gmail.com,null,null,null
Vendor86@gmail.com,null,null,null
Vendor87@gmail.com,null,null,null
Vendor99@gmail.com,null,null,null
Vendor95@gmail.com,null,null,null
Vendor93@gmail.com,null,null,null
Vendor97@gmail.com,null,null,null
Vendor96@gmail.com,null,null,null
Vendor100@gmail.com,null,null,null
Vendor94@gmail.com,null,null,null
Vendor109@gmail.com,null,null,null
Vendor104@gmail.com,null,null,null
Vendor115@gmail.com,null,null,null
Vendor98@gmail.com,null,null,null
Vendor102@gmail.com,null,null,null
Vendor107@gmail.com,null,null,null
Vendor106@gmail.com,null,null,null
Vendor103@gmail.com,null,null,null
Vendor108@gmail.com,null,null,null
Vendor105@gmail.com,null,null,null
Vendor117@gmail.com,null,null,null
Vendor101@gmail.com,null,null,null
Vendor114@gmail.com,null,null,null
Vendor91@gmail.com,null,null,null
Vendor110@gmail.com,null,null,null
Vendor113@gmail.com,null,null,null
Vendor112@gmail.com,null,null,null
Vendor116@gmail.com,null,null,null
Vendor118@gmail.com,null,null,null
Vendor122@gmail.com,null,null,null
Vendor111@gmail.com,null,null,null
Vendor120@gmail.com,null,null,null
Vendor119@gmail.com,null,null,null
Vendor127@gmail.com,null,null,null
Vendor121@gmail.com,null,null,null
Vendor126@gmail.com,null,null,null
Vendor124@gmail.com,null,null,null
Vendor131@gmail.com,null,null,null
Vendor134@gmail.com,null,null,null
Vendor129@gmail.com,null,null,null
Vendor123@gmail.com,null,null,null
Vendor125@gmail.com,null,null,null
Vendor132@gmail.com,null,null,null
Vendor130@gmail.com,null,null,null
Vendor128@gmail.com,null,null,null
Vendor143@gmail.com,null,null,null
Vendor136@gmail.com,null,null,null
Vendor139@gmail.com,null,null,null
Vendor137@gmail.com,null,null,null
Vendor135@gmail.com,null,null,null
Vendor133@gmail.com,null,null,null
Vendor144@gmail.com,null,null,null
Vendor138@gmail.com,null,null,null
Vendor142@gmail.com,null,null,null
Vendor145@gmail.com,null,null,null
Vendor140@gmail.com,null,null,null
Vendor149@gmail.com,null,null,null
Vendor141@gmail.com,null,null,null
Vendor151@gmail.com,null,null,null
Vendor154@gmail.com,null,null,null
Vendor148@gmail.com,null,null,null
Vendor147@gmail.com,null,null,null
Vendor152@gmail.com,null,null,null
Vendor150@gmail.com,null,null,null
Vendor153@gmail.com,null,null,null
Vendor160@gmail.com,null,null,null
Vendor161@gmail.com,null,null,null
Vendor156@gmail.com,null,null,null
Vendor157@gmail.com,null,null,null
Vendor155@gmail.com,null,null,null
Vendor159@gmail.com,null,null,null
Vendor165@gmail.com,null,null,null
Vendor158@gmail.com,null,null,null
Vendor163@gmail.com,null,null,null
Vendor162@gmail.com,null,null,null
Vendor146@gmail.com,null,null,null
Vendor166@gmail.com,null,null,null
Vendor168@gmail.com,null,null,null
Vendor171@gmail.com,null,null,null
Vendor164@gmail.com,null,null,null
Vendor167@gmail.com,null,null,null
Vendor170@gmail.com,null,null,null
Vendor174@gmail.com,null,null,null
Vendor173@gmail.com,null,null,null
Vendor169@gmail.com,null,null,null
Vendor172@gmail.com,null,null,null
Vendor175@gmail.com,null,null,null
Vendor179@gmail.com,null,null,null
Vendor182@gmail.com,null,null,null
Vendor184@gmail.com,null,null,null
Vendor177@gmail.com,null,null,null
Vendor178@gmail.com,null,null,null
Vendor180@gmail.com,null,null,null
Vendor181@gmail.com,null,null,null
Vendor176@gmail.com,null,null,null
Vendor185@gmail.com,null,null,null
Vendor183@gmail.com,null,null,null
Vendor190@gmail.com,null,null,null
Vendor186@gmail.com,null,null,null
Vendor189@gmail.com,null,null,null
Vendor194@gmail.com,null,null,null
Vendor187@gmail.com,null,null,null
Vendor188@gmail.com,null,null,null
Vendor195@gmail.com,null,null,null
Vendor191@gmail.com,null,null,null
Vendor193@gmail.com,null,null,null
Vendor197@gmail.com,null,null,null
Vendor198@gmail.com,null,null,null
Vendor192@gmail.com,null,null,null
Vendor196@gmail.com,null,null,null
VendorTest5@gmail.com,null,null,null
VendorTest4@gmail.com,null,null,null
Vendor5@gmail.com,null,null,null
Vendor2@gmail.com,null,null,null
Vendor1@gmail.com,null,null,null
Vendor4@gmail.com,null,null,null
Vendor6@gmail.com,null,null,null
Vendor3@gmail.com,null,null,null
Vendor8@gmail.com,null,null,null
Vendor7@gmail.com,null,null,null
Vendor12@gmail.com,null,null,null
Vendor11@gmail.com,null,null,null
Vendor10@gmail.com,null,null,null
Vendor13@gmail.com,null,null,null
Vendor9@gmail.com,null,null,null
Vendor14@gmail.com,null,null,null
Vendor15@gmail.com,null,null,null
Vendor17@gmail.com,null,null,null
Vendor24@gmail.com,null,null,null
Vendor21@gmail.com,null,null,null
Vendor19@gmail.com,null,null,null
Vendor16@gmail.com,null,null,null
Vendor18@gmail.com,null,null,null
Vendor20@gmail.com,null,null,null
Vendor22@gmail.com,null,null,null
Vendor25@gmail.com,null,null,null
Vendor23@gmail.com,null,null,null
Vendor28@gmail.com,null,null,null
Vendor26@gmail.com,null,null,null
Vendor35@gmail.com,null,null,null
Vendor31@gmail.com,null,null,null
Vendor32@gmail.com,null,null,null
Vendor30@gmail.com,null,null,null
Vendor27@gmail.com,null,null,null
Vendor34@gmail.com,null,null,null
Vendor29@gmail.com,null,null,null
Vendor33@gmail.com,null,null,null
Vendor38@gmail.com,null,null,null
Vendor37@gmail.com,null,null,null
Vendor40@gmail.com,null,null,null
Vendor36@gmail.com,null,null,null
Vendor41@gmail.com,null,null,null
Vendor42@gmail.com,null,null,null
Vendor43@gmail.com,null,null,null
Vendor44@gmail.com,null,null,null
Vendor39@gmail.com,null,null,null
Vendor46@gmail.com,null,null,null
Vendor48@gmail.com,null,null,null
Vendor45@gmail.com,null,null,null
Vendor49@gmail.com,null,null,null
Vendor47@gmail.com,null,null,null
Vendor50@gmail.com,null,null,null
Vendor51@gmail.com,null,null,null
Vendor52@gmail.com,null,null,null
Vendor53@gmail.com,null,null,null
Vendor54@gmail.com,null,null,null
Vendor55@gmail.com,null,null,null
Vendor56@gmail.com,null,null,null
Vendor57@gmail.com,null,null,null
Vendor60@gmail.com,null,null,null
Vendor61@gmail.com,null,null,null
Vendor63@gmail.com,null,null,null
Vendor58@gmail.com,null,null,null
Vendor70@gmail.com,null,null,null
Vendor59@gmail.com,null,null,null
Vendor68@gmail.com,null,null,null
Vendor71@gmail.com,null,null,null
Vendor66@gmail.com,null,null,null
Vendor67@gmail.com,null,null,null
Vendor64@gmail.com,null,null,null
Vendor62@gmail.com,null,null,null
Vendor73@gmail.com,null,null,null
Vendor72@gmail.com,null,null,null
Vendor69@gmail.com,null,null,null
Vendor80@gmail.com,null,null,null
Vendor65@gmail.com,null,null,null
Vendor74@gmail.com,null,null,null
Vendor77@gmail.com,null,null,null
Vendor76@gmail.com,null,null,null
Vendor79@gmail.com,null,null,null
Vendor78@gmail.com,null,null,null
Vendor75@gmail.com,null,null,null
Vendor81@gmail.com,null,null,null
Vendor84@gmail.com,null,null,null
Vendor85@gmail.com,null,null,null
Vendor82@gmail.com,null,null,null
Vendor86@gmail.com,null,null,null
Vendor89@gmail.com,null,null,null
Vendor90@gmail.com,null,null,null
Vendor83@gmail.com,null,null,null
Vendor92@gmail.com,null,null,null
Vendor93@gmail.com,null,null,null
Vendor87@gmail.com,null,null,null
Vendor96@gmail.com,null,null,null
Vendor91@gmail.com,null,null,null
Vendor88@gmail.com,null,null,null
Vendor98@gmail.com,null,null,null
Vendor100@gmail.com,null,null,null
Vendor94@gmail.com,null,null,null
Vendor99@gmail.com,null,null,null
Vendor97@gmail.com,null,null,null
Vendor103@gmail.com,null,null,null
Vendor102@gmail.com,null,null,null
Vendor104@gmail.com,null,null,null
Vendor101@gmail.com,null,null,null
Vendor95@gmail.com,null,null,null
Vendor105@gmail.com,null,null,null
Vendor107@gmail.com,null,null,null
Vendor109@gmail.com,null,null,null
Vendor106@gmail.com,null,null,null
Vendor108@gmail.com,null,null,null
Vendor110@gmail.com,null,null,null
Vendor111@gmail.com,null,null,null
Vendor114@gmail.com,null,null,null
Vendor112@gmail.com,null,null,null
Vendor113@gmail.com,null,null,null
Vendor115@gmail.com,null,null,null
Vendor117@gmail.com,null,null,null
Vendor118@gmail.com,null,null,null
Vendor121@gmail.com,null,null,null
Vendor122@gmail.com,null,null,null
Vendor123@gmail.com,null,null,null
Vendor127@gmail.com,null,null,null
Vendor125@gmail.com,null,null,null
Vendor119@gmail.com,null,null,null
Vendor120@gmail.com,null,null,null
Vendor126@gmail.com,null,null,null
Vendor116@gmail.com,null,null,null
Vendor124@gmail.com,null,null,null
Vendor128@gmail.com,null,null,null
Vendor129@gmail.com,null,null,null
Vendor130@gmail.com,null,null,null
Vendor134@gmail.com,null,null,null
Vendor132@gmail.com,null,null,null
Vendor131@gmail.com,null,null,null
Vendor137@gmail.com,null,null,null
Vendor133@gmail.com,null,null,null
Vendor136@gmail.com,null,null,null
Vendor135@gmail.com,null,null,null
Vendor139@gmail.com,null,null,null
Vendor138@gmail.com,null,null,null
Vendor140@gmail.com,null,null,null
Vendor141@gmail.com,null,null,null
Vendor146@gmail.com,null,null,null
Vendor144@gmail.com,null,null,null
Vendor145@gmail.com,null,null,null
Vendor147@gmail.com,null,null,null
Vendor143@gmail.com,null,null,null
Vendor142@gmail.com,null,null,null
Vendor148@gmail.com,null,null,null
Vendor152@gmail.com,null,null,null
Vendor154@gmail.com,null,null,null
Vendor150@gmail.com,null,null,null
Vendor149@gmail.com,null,null,null
Vendor153@gmail.com,null,null,null
Vendor155@gmail.com,null,null,null
Vendor151@gmail.com,null,null,null
Vendor158@gmail.com,null,null,null
Vendor157@gmail.com,null,null,null
Vendor159@gmail.com,null,null,null
Vendor156@gmail.com,null,null,null
Vendor160@gmail.com,null,null,null
Vendor164@gmail.com,null,null,null
Vendor162@gmail.com,null,null,null
Vendor161@gmail.com,null,null,null
Vendor163@gmail.com,null,null,null
Vendor165@gmail.com,null,null,null
Vendor170@gmail.com,null,null,null
Vendor166@gmail.com,null,null,null
Vendor168@gmail.com,null,null,null
Vendor173@gmail.com,null,null,null
Vendor167@gmail.com,null,null,null
Vendor174@gmail.com,null,null,null
Vendor171@gmail.com,null,null,null
Vendor172@gmail.com,null,null,null
Vendor176@gmail.com,null,null,null
Vendor178@gmail.com,null,null,null
Vendor169@gmail.com,null,null,null
Vendor175@gmail.com,null,null,null
Vendor177@gmail.com,null,null,null
Vendor182@gmail.com,null,null,null
Vendor179@gmail.com,null,null,null
Vendor183@gmail.com,null,null,null
Vendor181@gmail.com,null,null,null
Vendor180@gmail.com,null,null,null
Vendor185@gmail.com,null,null,null
Vendor188@gmail.com,null,null,null
Vendor186@gmail.com,null,null,null
Vendor184@gmail.com,null,null,null
Vendor198@gmail.com,null,null,null
Vendor189@gmail.com,null,null,null
Vendor190@gmail.com,null,null,null
Vendor193@gmail.com,null,null,null
Vendor191@gmail.com,null,null,null
Vendor194@gmail.com,null,null,null
Vendor192@gmail.com,null,null,null
Vendor195@gmail.com,null,null,null
Vendor196@gmail.com,null,null,null
Vendor197@gmail.com,null,null,null
Vendor187@gmail.com,null,null,null
Vendor26@gmail.com,null,null,null
Vendor25@gmail.com,null,null,null
Vendor20@gmail.com,null,null,null
Vendor24@gmail.com,null,null,null
Vendor16@gmail.com,null,null,null
Vendor22@gmail.com,null,null,null
Vendor13@gmail.com,null,null,null
Vendor21@gmail.com,null,null,null
Vendor23@gmail.com,null,null,null
Vendor8@gmail.com,null,null,null
Vendor1@gmail.com,null,null,null
Vendor9@gmail.com,null,null,null
Vendor4@gmail.com,null,null,null
Vendor19@gmail.com,null,null,null
VendorTest4@gmail.com,null,null,null
Vendor17@gmail.com,null,null,null
Vendor3@gmail.com,null,null,null
Vendor27@gmail.com,null,null,null
Vendor2@gmail.com,null,null,null
Vendor10@gmail.com,null,null,null
Vendor29@gmail.com,null,null,null
Vendor18@gmail.com,null,null,null
Vendor14@gmail.com,null,null,null
Vendor28@gmail.com,null,null,null
Vendor15@gmail.com,null,null,null
Vendor11@gmail.com,null,null,null
Vendor12@gmail.com,null,null,null
Vendor36@gmail.com,null,null,null
Vendor5@gmail.com,null,null,null
VendorTest5@gmail.com,null,null,null
Vendor30@gmail.com,null,null,null
Vendor31@gmail.com,null,null,null
Vendor7@gmail.com,null,null,null
Vendor32@gmail.com,null,null,null
Vendor33@gmail.com,null,null,null
Vendor39@gmail.com,null,null,null
Vendor6@gmail.com,null,null,null
Vendor40@gmail.com,null,null,null
Vendor41@gmail.com,null,null,null
Vendor34@gmail.com,null,null,null
Vendor38@gmail.com,null,null,null
Vendor37@gmail.com,null,null,null
Vendor35@gmail.com,null,null,null
Vendor42@gmail.com,null,null,null
Vendor45@gmail.com,null,null,null
Vendor43@gmail.com,null,null,null
Vendor44@gmail.com,null,null,null
Vendor51@gmail.com,null,null,null
Vendor49@gmail.com,null,null,null
Vendor46@gmail.com,null,null,null
Vendor50@gmail.com,null,null,null
Vendor48@gmail.com,null,null,null
Vendor47@gmail.com,null,null,null
Vendor57@gmail.com,null,null,null
Vendor52@gmail.com,null,null,null
Vendor58@gmail.com,null,null,null
Vendor54@gmail.com,null,null,null
Vendor55@gmail.com,null,null,null
Vendor59@gmail.com,null,null,null
Vendor53@gmail.com,null,null,null
Vendor56@gmail.com,null,null,null
Vendor63@gmail.com,null,null,null
Vendor60@gmail.com,null,null,null
Vendor61@gmail.com,null,null,null
Vendor62@gmail.com,null,null,null
Vendor67@gmail.com,null,null,null
Vendor64@gmail.com,null,null,null
Vendor65@gmail.com,null,null,null
Vendor66@gmail.com,null,null,null
Vendor75@gmail.com,null,null,null
Vendor68@gmail.com,null,null,null
Vendor70@gmail.com,null,null,null
Vendor74@gmail.com,null,null,null
Vendor77@gmail.com,null,null,null
Vendor78@gmail.com,null,null,null
Vendor73@gmail.com,null,null,null
Vendor72@gmail.com,null,null,null
Vendor69@gmail.com,null,null,null
Vendor71@gmail.com,null,null,null
Vendor79@gmail.com,null,null,null
Vendor80@gmail.com,null,null,null
Vendor84@gmail.com,null,null,null
Vendor83@gmail.com,null,null,null
Vendor82@gmail.com,null,null,null
Vendor76@gmail.com,null,null,null
Vendor88@gmail.com,null,null,null
Vendor87@gmail.com,null,null,null
Vendor81@gmail.com,null,null,null
Vendor89@gmail.com,null,null,null
Vendor91@gmail.com,null,null,null
Vendor86@gmail.com,null,null,null
Vendor85@gmail.com,null,null,null
Vendor92@gmail.com,null,null,null
Vendor94@gmail.com,null,null,null
Vendor90@gmail.com,null,null,null
Vendor95@gmail.com,null,null,null
Vendor93@gmail.com,null,null,null
Vendor99@gmail.com,null,null,null
Vendor96@gmail.com,null,null,null
Vendor98@gmail.com,null,null,null
Vendor97@gmail.com,null,null,null
Vendor101@gmail.com,null,null,null
Vendor112@gmail.com,null,null,null
Vendor103@gmail.com,null,null,null
Vendor102@gmail.com,null,null,null
Vendor100@gmail.com,null,null,null
Vendor114@gmail.com,null,null,null
Vendor107@gmail.com,null,null,null
Vendor106@gmail.com,null,null,null
Vendor108@gmail.com,null,null,null
Vendor116@gmail.com,null,null,null
Vendor105@gmail.com,null,null,null
Vendor109@gmail.com,null,null,null
Vendor117@gmail.com,null,null,null
Vendor115@gmail.com,null,null,null
Vendor120@gmail.com,null,null,null
Vendor110@gmail.com,null,null,null
Vendor113@gmail.com,null,null,null
Vendor119@gmail.com,null,null,null
Vendor104@gmail.com,null,null,null
Vendor111@gmail.com,null,null,null
Vendor122@gmail.com,null,null,null
Vendor118@gmail.com,null,null,null
Vendor123@gmail.com,null,null,null
Vendor126@gmail.com,null,null,null
Vendor127@gmail.com,null,null,null
Vendor121@gmail.com,null,null,null
Vendor130@gmail.com,null,null,null
Vendor125@gmail.com,null,null,null
Vendor124@gmail.com,null,null,null
Vendor133@gmail.com,null,null,null
Vendor128@gmail.com,null,null,null
Vendor132@gmail.com,null,null,null
Vendor129@gmail.com,null,null,null
Vendor138@gmail.com,null,null,null
Vendor139@gmail.com,null,null,null
Vendor136@gmail.com,null,null,null
Vendor137@gmail.com,null,null,null
Vendor135@gmail.com,null,null,null
Vendor131@gmail.com,null,null,null
Vendor134@gmail.com,null,null,null
Vendor142@gmail.com,null,null,null
Vendor140@gmail.com,null,null,null
Vendor151@gmail.com,null,null,null
Vendor157@gmail.com,null,null,null
Vendor148@gmail.com,null,null,null
Vendor144@gmail.com,null,null,null
Vendor141@gmail.com,null,null,null
Vendor146@gmail.com,null,null,null
Vendor154@gmail.com,null,null,null
Vendor145@gmail.com,null,null,null
Vendor149@gmail.com,null,null,null
Vendor150@gmail.com,null,null,null
Vendor155@gmail.com,null,null,null
Vendor143@gmail.com,null,null,null
Vendor153@gmail.com,null,null,null
Vendor163@gmail.com,null,null,null
Vendor162@gmail.com,null,null,null
Vendor160@gmail.com,null,null,null
Vendor147@gmail.com,null,null,null
Vendor161@gmail.com,null,null,null
Vendor152@gmail.com,null,null,null
Vendor164@gmail.com,null,null,null
Vendor158@gmail.com,null,null,null
Vendor165@gmail.com,null,null,null
Vendor156@gmail.com,null,null,null
Vendor169@gmail.com,null,null,null
Vendor159@gmail.com,null,null,null
Vendor170@gmail.com,null,null,null
Vendor166@gmail.com,null,null,null
Vendor168@gmail.com,null,null,null
Vendor177@gmail.com,null,null,null
Vendor174@gmail.com,null,null,null
Vendor182@gmail.com,null,null,null
Vendor171@gmail.com,null,null,null
Vendor179@gmail.com,null,null,null
Vendor183@gmail.com,null,null,null
Vendor176@gmail.com,null,null,null
Vendor173@gmail.com,null,null,null
Vendor187@gmail.com,null,null,null
Vendor175@gmail.com,null,null,null
Vendor190@gmail.com,null,null,null
Vendor188@gmail.com,null,null,null
Vendor167@gmail.com,null,null,null
Vendor184@gmail.com,null,null,null
Vendor189@gmail.com,null,null,null
Vendor178@gmail.com,null,null,null
Vendor186@gmail.com,null,null,null
Vendor181@gmail.com,null,null,null
Vendor180@gmail.com,null,null,null
Vendor191@gmail.com,null,null,null
Vendor195@gmail.com,null,null,null
Vendor185@gmail.com,null,null,null
Vendor197@gmail.com,null,null,null
Vendor196@gmail.com,null,null,null
Vendor198@gmail.com,null,null,null
Vendor193@gmail.com,null,null,null
Vendor194@gmail.com,null,null,null
Vendor192@gmail.com,null,null,null
Vendor172@gmail.com,null,null,null
VendorTest5@gmail.com,null,null,null
VendorTest4@gmail.com,null,null,null
Vendor1@gmail.com,null,null,null
